0,1,2,3,4,5,6,7,8,9,10,11,12,13,14,15,16,17,18,19,20,21,22,23,24,25,26,27,28,29,30,31,32,33,34,35,36,37,38,true_label,svm_pred,rf_pred
-0.836492,-0.9260172,-0.36880243,0.008646144,-0.25729236,-0.29695854,-0.76591283,0.26769277,-1.6369437,-0.30116284,1.3688334,-0.2472334,-0.9062614,0.19440232,0.20309624,0.043902345,0.13509156,0.14348091,0.070874214,-0.09532104,-0.41144252,-0.63145006,-0.675156,-0.73858476,-0.80883247,-0.9004826,-0.4709791,-0.90737236,-0.9790878,-0.9313012,-0.8882131,-0.935417,-0.8992747,-0.40001386,0.03931982,0.21103264,0.24348514,0.21874395,0.45073527,fearful,neutral,neutral
0.18696588,-1.5115035,-1.2811621,-0.58290064,-1.0633191,-0.9878912,-0.7305805,-0.12681909,-0.11525039,-1.0324651,1.1964319,-0.02569399,-1.6478074,0.07318143,-0.031635225,-0.21705572,-0.11346297,-0.050687786,-0.051866196,-0.062608816,-0.12786542,-0.2126011,-0.16480036,-0.08257955,-0.042595237,-0.0723799,0.051393908,-0.05662399,-0.17413282,-0.11686849,-0.041835833,0.017262815,-0.028037285,-0.029831974,-0.09413011,-0.09399198,0.008501649,0.074229114,0.13549493,happy,happy,happy
1.1587318,-1.8200003,-0.14600535,-0.1102435,0.059384942,-0.73432535,-0.76777345,1.5696541,1.1984794,-0.54149824,0.49666804,0.4683619,-0.4960122,0.019276708,-0.14797243,-0.3928994,-0.37100688,-0.36235327,-0.41176775,-0.4248418,-0.532888,-0.53872997,-0.47984463,-0.4705802,-0.5029402,-0.57089907,-0.09087289,-0.31707713,-0.50971264,-0.5840305,-0.5710104,-0.5673642,-0.6947973,-0.7124126,-0.71806157,-0.7122552,-0.7035924,-0.70872545,-0.696644,angry,angry,angry
0.27412957,-1.1744367,-0.58416986,-1.0330994,1.133234,-0.38009557,-0.34625903,1.2235104,1.1634673,0.038816497,1.4657062,0.38137093,-0.1517614,0.20418614,0.25095743,0.20928007,0.5089892,0.6992959,0.80939037,0.79844445,0.8274169,0.54983073,0.5645085,0.8059829,0.99941295,1.042013,-0.02925097,-0.20436083,-0.3650733,-0.3840212,-0.34652275,-0.32217288,-0.41889313,-0.43419784,-0.46788305,-0.4685735,-0.42777988,-0.41061532,-0.38488263,happy,angry,angry
0.65286976,1.3543694,-0.2552304,1.0107546,0.049644303,0.44420552,1.2630287,0.26748842,-0.47535697,1.0191016,-0.04800721,-1.1278653,1.8964337,3.042335,4.5670276,2.03844,0.19821018,0.70068157,1.4312042,1.08662,0.04698405,-1.4567307,-2.5318766,-1.6237805,3.137291,5.0937114,-1.359289,-0.90442115,1.385401,1.6957383,0.8145491,0.18399349,-0.7881261,-0.49160203,-0.01798185,0.8086511,2.2370155,0.9513293,0.17507252,calm,calm,happy
-0.33596,1.0027376,1.5779518,0.91414064,1.3269583,0.46600735,-0.11190491,0.7424076,1.6075499,1.2533596,0.9770268,0.30604747,0.46727443,0.064786464,-0.04967139,-0.24416831,-0.15341395,-0.10080632,-0.1146719,-0.13471444,-0.2235449,-0.30596444,-0.27432364,-0.24445857,-0.2684422,-0.35297877,0.21954314,0.25127894,0.2222706,0.4327832,0.57420814,0.6835526,0.7050338,0.6809482,0.5081351,0.44620487,0.55766165,0.593883,0.5997389,angry,happy,sad
-2.1834164,0.027216885,2.2175508,0.8812399,1.2549706,0.44439244,1.2348739,-1.4739136,0.27599,0.49528372,-0.49411014,-0.80091536,-0.2279182,0.073180705,-0.03163476,-0.21705493,-0.1134641,-0.050687436,-0.051867373,-0.062608816,-0.12786548,-0.21260147,-0.16480045,-0.08257955,-0.042596254,-0.07237931,0.051351734,-0.056623578,-0.17413267,-0.11686821,-0.04183633,0.017263893,-0.02803554,-0.029831564,-0.09413088,-0.09399233,0.008501918,0.074229725,0.13549352,sad,sad,sad
2.3886693,-1.6432948,-1.5422814,-1.3150871,-1.9159579,-1.3528181,-1.0293461,-0.24567522,-0.33100224,-0.5666791,1.0310041,-0.4910606,-0.5922853,0.07317939,-0.031636264,-0.21705416,-0.11346327,-0.050686743,-0.051866606,-0.06260801,-0.12786368,-0.21260074,-0.16480106,-0.08257999,-0.042595237,-0.07237875,0.051384754,-0.056622557,-0.17413178,-0.11686649,-0.041835833,0.017263282,-0.028035318,-0.029832387,-0.0941316,-0.09399113,0.0085013695,0.074228965,0.13549311,angry,angry,angry
1.0267942,0.7380514,1.1858765,1.2848089,0.20283863,1.1701137,2.0863528,1.3692266,0.64424306,0.23115534,-0.24354456,0.2335586,1.4151464,-1.1921662,-1.2791094,0.8744975,0.6246241,-1.7815328,-0.622569,0.64731073,-0.41176367,0.7195998,3.0387588,3.0899687,0.10640043,-1.5909536,-0.586114,-0.06755049,1.4057771,1.1715919,0.8837823,1.8895886,0.39936236,-0.9021918,1.2846925,2.2394452,0.84077674,-0.032168154,-0.22850342,fearful,fearful,fearful
0.22159725,-0.38617885,-2.0428414,-1.5350573,-0.07448296,-2.097924,-0.5266818,0.814042,-0.14039786,-1.536319,1.0731997,0.08550277,-1.6740779,0.07317314,-0.03163751,-0.21705426,-0.11346355,-0.050687436,-0.051866606,-0.06260969,-0.12786432,-0.21260147,-0.16480036,-0.082579836,-0.042595353,-0.07237931,0.051372908,-0.056621723,-0.17413275,-0.1168683,-0.04183526,0.017263899,-0.028037226,-0.029832197,-0.09413157,-0.09399203,0.008502126,0.07422864,0.13549398,happy,happy,happy
-1.9128547,1.33875,1.0784053,1.2354834,0.9008531,0.35855913,0.06972507,0.380864,-0.2841461,-0.8360784,0.940994,1.2307627,-0.49129933,0.003910529,-0.17139065,-0.39981237,-0.341315,-0.2540343,-0.15777607,-0.053613264,-0.06478751,-0.15282129,-0.09162875,0.0147346975,0.03617245,-0.028611152,0.11455105,0.053302255,-0.033999927,0.08675823,0.12220064,0.017983865,-0.18263899,-0.16550422,-0.13257891,-0.11393898,-0.025260925,0.092556894,0.22513273,calm,calm,calm
-0.6537216,-1.4310688,-1.0075209,0.012011049,-1.541916,-0.9355236,-1.4248021,-0.015929613,-1.1650357,-1.7752068,0.786254,0.6891542,-1.8561668,0.07317026,-0.031635255,-0.21705455,-0.11346383,-0.050686933,-0.051866118,-0.06261039,-0.12786548,-0.21260147,-0.16480105,-0.08257955,-0.042595748,-0.07237931,0.051360127,-0.056623537,-0.17413203,-0.11687005,-0.04183663,0.017261527,-0.028036477,-0.029832523,-0.094131,-0.09399175,0.008500027,0.074229576,0.13549344,neutral,calm,calm
1.1690321,0.07760683,-0.35979936,0.006673512,1.1745696,1.4240186,0.15487361,0.29908592,2.817408,0.7495268,-0.16350904,1.7908163,0.3933741,-0.042365998,-0.27969995,-0.58612496,-0.63987255,-0.66432816,-0.726824,-0.7021351,-0.7927449,-0.70383304,-0.59395117,-0.5528893,-0.5300089,-0.523413,0.15386038,0.12761621,0.050203465,0.16569,0.23228508,0.25711286,0.16152403,0.06797299,-0.09993528,-0.19898178,-0.22970602,-0.31706753,-0.41546425,angry,angry,angry
0.20896119,-1.1683134,-0.25449327,-0.82176113,-0.67057806,-0.3947558,-0.27451724,0.0014073875,-0.18905655,-0.49153307,-0.45493945,0.7497552,-0.46914268,0.24043423,0.32242316,0.2900474,0.574026,0.71005267,0.74485826,0.6556093,0.5788667,0.28262234,0.2572776,0.39869177,0.52192044,0.56406784,0.19586138,0.18204336,0.049649313,0.06580961,0.080591016,0.17907499,0.31144774,0.5177842,0.5204682,0.48770005,0.49544856,0.3544091,0.26018956,angry,fearful,fearful
-0.08028159,1.0499316,1.3907119,2.140417,-0.08135674,1.0780269,1.6189642,2.4155238,1.1701772,0.46518037,0.1915664,0.60044485,0.9840113,0.22752634,0.2959322,0.25340736,0.51845974,0.6246182,0.6085806,0.47374535,0.32781255,0.044112306,-0.013038537,0.002220775,-0.04152199,-0.15563005,0.21340369,0.22697087,0.14218101,0.21646546,0.18140665,0.07136223,-0.1931584,-0.420872,-0.63130677,-0.7711328,-0.8928026,-0.9978047,-1.0367007,sad,calm,calm
-1.2856231,0.98835576,1.61549,1.869663,1.5035795,0.62207496,1.6317866,1.4140323,2.0583282,1.2961851,1.2845693,1.2662318,0.44481027,-0.690401,-1.5580702,-2.0630739,-2.0349388,-1.6175106,-1.3210145,-1.0341479,-0.9794278,-0.75058043,-0.60642684,-0.6201836,-0.7052311,-0.74548954,1.9055048,3.020231,2.772582,2.3843927,1.4161634,0.8016733,0.45265338,0.22117272,-0.038365357,-0.10576485,0.07266803,0.26392668,0.3000921,calm,calm,calm
-1.0921688,-0.98633623,0.0743271,0.0040986654,-0.45620683,-0.0026028568,-0.79730415,2.3480988,0.43321064,-1.1542437,1.8778203,0.9007382,-0.5087374,0.19668305,0.22824252,0.14691071,0.35595244,0.4247582,0.3850569,0.27050075,0.1412322,-0.0627837,-0.0684898,-0.005622749,0.017498257,-0.023737231,0.2733905,0.33023086,0.2522121,0.32510993,0.25166124,0.100238085,-0.19585165,-0.43784383,-0.6444338,-0.77570117,-0.8926811,-1.0052294,-1.0689044,calm,sad,calm
-0.9265665,-0.8300733,0.17209275,-0.31267226,-0.05064763,-0.24006692,-0.9388661,1.9749748,0.17116408,-1.0230533,1.8393005,0.050295502,-0.7119236,0.47794142,0.7878804,0.80217314,0.94792247,0.6969672,0.26639903,-0.17616889,-0.5971144,-0.74210435,-0.7008065,-0.65142006,-0.55024606,-0.49727008,-1.2600255,-2.3483238,-2.7438328,-2.9598691,-2.374054,-1.6566964,-1.0848979,-0.46349978,-0.12320867,0.022370104,0.11704802,0.08485264,0.11147181,calm,sad,sad
-1.4821218,0.70449144,1.1130188,1.01606,1.2553293,1.9415107,1.0554941,-1.6203805,0.48494667,0.86921316,-0.25347972,0.4195218,0.12234492,0.043233603,-0.036108427,-0.053104255,0.25903618,0.37280568,0.31184945,0.11750705,-0.17079447,-0.32252708,-0.135749,0.18088874,0.27877015,-0.011558123,0.1781959,0.033932835,-0.41794628,-0.77034414,-0.7853854,-0.58419275,-0.32860026,0.09930654,0.20172025,-0.016962282,-0.30393752,-0.3213221,0.16353992,sad,sad,sad
-0.1944153,0.46559253,0.71742564,0.54767054,1.064551,0.84502,1.0017977,0.48058408,2.0779798,0.9369069,-0.032070782,1.3245193,0.7317612,0.030036049,-0.1246925,-0.3575096,-0.3186778,-0.29819497,-0.33646098,-0.34757477,-0.4445822,-0.46589455,-0.40763506,-0.3791674,-0.39131862,-0.44637513,0.29716942,0.39317885,0.40455854,0.68674445,0.86528593,1.0149131,1.1034207,1.1207347,0.9493834,0.9308119,1.176947,1.3445337,1.4689152,sad,neutral,fearful
0.3214076,-1.485286,0.4721145,0.1483836,-0.10678524,0.029783972,-0.37940907,-0.16600026,-1.3547033,-0.5812123,0.12836525,-0.59778327,-0.4198918,-3.2179468,-0.7445881,3.940518,-2.9189348,-0.9917175,4.578166,0.24208555,0.68092954,4.348671,2.3154573,2.0900297,-0.4139009,-1.4091136,-1.0777583,-0.8307511,0.121871166,-0.7742283,-1.1276817,-0.92004687,-0.7005415,-0.24576917,-0.40810353,0.14416787,0.66581935,-0.08150834,0.59398973,fearful,fearful,fearful
-0.1606667,0.3561985,-0.37940308,0.9785705,0.7266808,0.43063462,0.6642576,-0.53005755,-0.46336976,0.41762218,-1.2416924,-0.39117512,1.3999441,0.11281852,0.053973783,-0.08742256,0.07695391,0.18069121,0.216719,0.20943338,0.17856571,0.036225922,0.07783316,0.21932666,0.31960264,0.32452703,0.26199555,0.32864258,0.32104662,0.56965244,0.7313242,0.8650174,0.92980975,0.9397648,0.7805129,0.7595663,0.97462153,1.1158066,1.2184342,angry,happy,happy
-0.27800223,0.10469238,0.92212397,1.5417212,0.48311234,0.84014934,0.32148626,0.54563606,0.72719425,1.6213831,0.09358492,0.550451,0.7208022,-0.08822591,-0.37922674,-0.73908067,-0.8704252,-0.95519817,-1.0814289,-1.0830543,-1.250856,-1.1021045,-1.0092392,-1.1029336,-1.2275246,-1.3246124,0.17022492,0.16048403,0.103638306,0.26552394,0.3850448,0.4808674,0.49087918,0.49111104,0.3727317,0.35955712,0.52051926,0.6255529,0.7082926,fearful,fearful,fearful
-1.1962585,0.39261755,1.1773206,2.0627568,-0.15141314,1.2427672,0.383359,-0.14637884,-0.18878302,0.306479,0.75181544,0.9847853,-0.6429017,0.44523284,0.65819013,0.4320458,0.26938343,-0.019863144,-0.210426,-0.25542405,-0.38016707,-0.47674865,-0.44368616,-0.3964311,-0.38871163,-0.43574676,-0.33251765,-0.6688826,-0.71321553,-0.55529594,-0.23788585,0.2474179,0.8518298,1.27964,1.0403638,0.632893,0.35116464,0.16814068,0.21250075,fearful,fearful,fearful
0.81840885,-0.93314016,-1.6776018,-1.2701133,-0.3583098,-1.0594479,-0.7062887,0.6278534,-0.4991305,-0.7023343,0.623015,0.29184258,-1.355994,0.04743421,-0.049057774,-0.15017255,-0.014590155,-0.09244523,-0.21544614,-0.11667746,0.010967462,-0.099045895,-0.20042025,-0.23439611,-0.10060472,0.0695238,-0.04368114,-0.11035628,0.005681305,0.13127096,-0.1474509,-0.35418344,-0.15533976,0.3052946,0.2003329,-0.20623858,-0.37891603,-0.041573912,0.47761768,fearful,happy,fearful
-0.68565565,-0.7682994,-0.28514162,-0.11752605,-2.1976101,-1.7919668,-0.7653017,-0.3485467,-0.46257493,-0.773418,-0.15383773,-0.93720675,-1.2113544,0.07692827,-0.02388024,-0.20688829,-0.10215421,-0.042539977,-0.049699876,-0.067931116,-0.14173643,-0.22920917,-0.18473595,-0.10981925,-0.07530975,-0.10513579,0.06400496,-0.034485683,-0.14940627,-0.09074389,-0.024238525,0.021739244,-0.04046328,-0.059411515,-0.13422255,-0.14318644,-0.054105435,0.0048848125,0.067717224,sad,calm,calm
0.49163732,-0.4097205,-0.8721046,-0.42188644,-0.38057086,-0.2361096,-0.80812,-0.8447567,-0.31058726,-1.129389,-0.3191375,1.7005948,-0.69119513,0.21229641,-0.19738984,-0.39177224,0.5106843,-0.56657195,-0.23187415,0.66170293,-0.78053874,-0.24326517,0.2871505,-0.5914836,0.013101257,0.36690995,0.52032244,-0.52819157,-0.5971847,1.3272933,-1.1539035,-0.35215074,1.6646177,-1.4205304,-0.16778916,1.0209656,-1.1622748,0.19023682,1.0414333,fearful,fearful,fearful
0.91620994,-1.0266877,-1.0619271,-0.91314024,0.24601583,-1.6602789,-0.15441619,1.6530937,-0.15262693,-0.6393821,1.3186599,0.12589379,-0.5203947,-0.004868244,-0.20005465,-0.4715222,-0.48592284,-0.5010268,-0.57133675,-0.58477706,-0.71086115,-0.68128103,-0.6167588,-0.638154,-0.70044893,-0.78328836,0.04077917,-0.07601924,-0.1991677,-0.1518227,-0.08159028,-0.026880328,-0.07868894,-0.08204742,-0.14223142,-0.1420611,-0.047368973,0.012201888,0.068900645,angry,angry,angry
0.10718151,-0.94516987,-0.17734616,-0.259788,0.11019633,-0.16321354,-1.2678108,-0.57680637,-0.7371812,-0.027738538,-0.06392039,1.4682887,-1.2776762,0.10242478,0.030413892,-0.12761499,0.009385268,0.0887185,0.100764945,0.084308185,0.028079327,-0.09676364,-0.06618013,0.019156871,0.054825425,0.012946487,0.0012585982,-0.14677161,-0.2848514,-0.26169968,-0.1968067,-0.14735708,-0.21104519,-0.21145798,-0.25049332,-0.23340036,-0.12903918,-0.05104534,0.024760645,happy,happy,happy
-0.35416824,-0.7937237,-0.9177882,-0.66219026,-0.8428685,-0.653872,-1.065547,-0.064379156,-0.62114376,-1.3101557,-0.66221374,0.31682417,-0.94530636,0.09993327,0.026734553,-0.12619369,0.025428675,0.12611854,0.16381016,0.1672303,0.14431849,0.01872539,0.06896519,0.2141533,0.31341553,0.30965757,0.05877242,-0.038336772,-0.13447052,-0.033108667,0.08237492,0.17641392,0.16603522,0.1755815,0.1026476,0.118289545,0.2815121,0.4059832,0.5083677,calm,sad,calm
0.16748196,-0.84710085,-0.75692254,-1.0397618,-0.67613906,-0.44839537,-0.9023623,-0.31428224,0.018195327,-1.4427158,-0.7192461,0.9261486,-0.96814114,1.5665395,2.7995107,2.7661388,2.6485336,2.4441347,2.6439505,2.5270493,2.466378,1.6250874,1.4377847,1.7521218,2.002606,1.9824021,3.0534697,4.4690514,2.9907932,1.3729603,0.5157111,0.6164951,0.39914143,-0.3058729,-0.84644806,-0.88606215,-0.5892986,-0.24448223,-0.26118162,sad,fearful,fearful
-1.0617043,1.8438342,1.9034333,0.03865688,1.0268509,1.009955,0.4206972,-1.6408168,-0.79094213,0.29222536,0.45566213,0.06731944,-0.45903605,0.06959255,-0.039364174,-0.22874226,-0.13059829,-0.071452655,-0.07589009,-0.08684282,-0.15504023,-0.23455465,-0.18608944,-0.10891427,-0.07399558,-0.10657325,0.03697134,-0.08300571,-0.20812967,-0.16421175,-0.09548864,-0.042040892,-0.09570536,-0.09914529,-0.15751995,-0.15682982,-0.06389468,-0.0053867763,0.05087117,sad,sad,sad
1.3162745,-1.3766655,-0.16681965,-0.8527705,0.6464749,-0.80732965,-0.2156385,1.3692468,1.0984612,0.1760557,0.9408687,0.89800763,-0.5363025,0.050698113,-0.08014555,-0.29037765,-0.22085118,-0.18064548,-0.20194508,-0.21367571,-0.29681063,-0.34868005,-0.29630917,-0.24463616,-0.23500778,-0.28093442,-0.024615573,-0.19575092,-0.35334378,-0.36624232,-0.32413235,-0.2943415,-0.3830083,-0.3926928,-0.42521098,-0.4213435,-0.36754984,-0.3379923,-0.30110687,angry,angry,angry
-0.020496301,0.6718734,0.40972763,0.11047294,0.61977905,0.70604354,0.85440063,-0.50500745,-0.7867976,0.23743194,-1.2400556,-1.4433196,0.87728363,0.05177292,-0.07490699,-0.2701092,-0.16473778,-0.0754059,-0.035921838,-0.0042464575,-0.022140034,-0.10409335,-0.04984522,0.053517297,0.091964915,0.027694024,-0.081044815,-0.28321603,-0.40936744,-0.3304524,-0.13564949,0.07975157,0.21994168,0.3770404,0.37601304,0.41150403,0.55896044,0.56536555,0.47812748,fearful,sad,fearful
0.26353458,-1.7770617,-1.5710722,-0.022327127,-2.2497246,-1.4208571,-0.89722353,-0.075476184,-0.7778708,-1.2979416,1.0929496,-0.020097746,-1.9228598,0.07317808,-0.03163575,-0.2170557,-0.113463275,-0.05068879,-0.05186582,-0.062608816,-0.12786537,-0.21260111,-0.16480072,-0.08257955,-0.042595755,-0.072378755,0.05136059,-0.056622855,-0.1741323,-0.11686919,-0.041835632,0.017263843,-0.02803648,-0.029832391,-0.09413148,-0.093990915,0.008501649,0.07422965,0.1354944,angry,happy,happy
0.5739013,1.6392041,0.4229651,-0.28564033,0.28696218,1.0399572,1.6043139,1.1877726,0.5455054,0.15497567,-0.07305487,-0.018712677,1.3096206,-3.6467953,-3.5008867,2.2128372,0.77470374,-1.2491126,1.9039502,-0.959577,-2.591147,2.4236217,3.6113603,1.6605784,0.07887254,-0.81728655,-0.84322065,-0.024589062,1.6199112,0.107333064,-1.041363,0.103057206,0.75995183,1.6789348,1.1736748,0.29763842,2.0752807,2.6942985,-0.21741462,fearful,happy,happy
0.8910568,-1.6915382,-0.6361557,-0.48502794,-0.9211373,-0.7422925,-0.39467874,0.73573047,-1.0719354,-0.7962371,0.60915726,0.062113788,-1.2944802,0.07260439,-0.03282534,-0.2186329,-0.11526267,-0.052072067,-0.052415457,-0.062060285,-0.12606359,-0.21030848,-0.16194645,-0.07855715,-0.0376004,-0.0671677,0.031213649,-0.09200855,-0.21403791,-0.15995885,-0.072531305,0.0061387676,-0.013709787,0.01125746,-0.035527162,-0.019875068,0.10529778,0.18445332,0.24704024,fearful,angry,fearful
-0.331454,-0.78149086,-0.3566386,0.2368753,-2.8234797,-1.5960404,-0.38171875,-0.20411329,0.45736197,-0.30807224,-2.071232,-0.10790293,-0.21454735,0.073174335,-0.03163575,-0.21705502,-0.11346307,-0.050686847,-0.051866606,-0.06260847,-0.1278653,-0.21260163,-0.16479975,-0.082578056,-0.042595237,-0.072378576,0.051354695,-0.0566231,-0.17413275,-0.11686799,-0.041835833,0.01726322,-0.028036667,-0.02983288,-0.094131045,-0.09399229,0.008501885,0.07422878,0.13549376,calm,calm,calm
2.0117488,0.71879363,-0.7782016,-0.14028265,0.73663706,0.5359501,0.098522715,-1.6157521,1.4400332,0.8092044,-3.0121486,-0.14137106,1.5018424,0.07427756,-0.03221311,-0.2262049,-0.13061504,-0.060351215,-0.046454933,-0.055829424,-0.13829672,-0.23510674,-0.1840265,-0.08578939,-0.028220776,-0.06662681,0.038577873,-0.06786966,-0.15868133,-0.07940593,-0.029654702,-0.01826628,-0.07941042,-0.034203455,-0.047884114,-0.04710776,0.0058459174,0.01323666,0.080284245,angry,angry,angry
-0.37340355,-1.3761097,0.6405983,-0.69811505,-0.24832581,-0.40293583,-1.220416,1.492827,-0.8700222,-0.5242711,1.4364568,0.17322363,-0.24637815,-0.11973109,-0.43616492,-0.7764382,-0.8126736,-0.7099775,-0.5653114,-0.31432343,-0.113178305,0.025152652,0.26133132,0.6480034,1.0167729,1.2200074,0.74187976,1.1921265,1.3762689,1.9116462,2.0635176,2.0932872,2.0279176,1.7447387,1.2297878,0.93775445,0.9028294,0.77506626,0.6304387,neutral,happy,happy
1.4738597,-1.6796645,-1.6418995,-0.94288486,-2.0267148,-1.3803868,-0.5856682,-0.19077373,-0.7724795,-0.5071685,0.7967084,-0.12768629,-1.2058952,0.06681744,-0.044761505,-0.23429562,-0.13272727,-0.06473391,-0.055951305,-0.05410143,-0.104992494,-0.18494536,-0.1313997,-0.036689457,0.012851896,-0.016425036,0.072768494,-0.019161366,-0.13220403,-0.07236511,-0.011496938,0.025694162,-0.04789599,-0.07860897,-0.16089247,-0.17641726,-0.096970655,-0.04330224,0.01972463,angry,angry,angry
0.2202743,0.85148096,0.5653276,-0.42535335,0.23898342,0.8203498,1.3446145,0.66877246,0.68085074,0.1895643,-0.4503788,0.42065758,1.302575,0.023417167,-0.09649236,-0.18105897,0.06403892,0.11804116,-0.03244704,-0.11932674,-0.042420585,0.059544705,0.17953391,0.18367401,-0.07628817,-0.3584789,-0.46462622,-0.9310703,-1.1103067,-1.2512747,-1.4064976,-1.7808089,-2.3232303,-2.303777,-1.8618213,-1.5646398,-1.6579815,-2.042416,-2.445003,happy,happy,happy
-0.23442894,-1.5953101,0.45711648,-0.2968296,0.28482905,0.63536626,-0.2929449,1.6091686,0.078031264,0.030752355,0.7613209,0.8956868,-0.29806474,0.24460885,0.33478287,0.32078815,0.6367612,0.79745805,0.84592664,0.7506856,0.6766746,0.35186774,0.3045661,0.41129324,0.45770672,0.3941123,0.2820234,0.35524225,0.31702226,0.47884426,0.50165457,0.4460157,0.24552172,0.021111911,-0.2546329,-0.44688594,-0.59971327,-0.78605664,-0.9462484,fearful,fearful,fearful
0.21745235,-1.3145978,-1.5778826,-0.94370884,-0.47629052,-1.2141786,-0.5907647,-0.09493507,-0.4455673,-0.9573474,0.5045438,-0.18655372,-1.6854972,0.072044715,-0.03390328,-0.21975362,-0.11579638,-0.051151507,-0.049588654,-0.05777968,-0.12035573,-0.2056769,-0.15818587,-0.075659394,-0.03701119,-0.07006856,0.046889108,-0.0641932,-0.18156038,-0.122365035,-0.041605305,0.024618268,-0.012842746,-0.009712713,-0.07441208,-0.07616496,0.023876697,0.08283651,0.13439915,happy,happy,happy
0.34089965,0.5359636,0.5222587,0.35172707,1.4073113,1.2508655,0.5026357,1.4194367,2.3486063,1.059755,0.34006476,1.9999353,0.8050777,-0.11991699,-0.44662246,-0.83634526,-1.0013598,-1.0936059,-1.2108991,-1.1757882,-1.3055874,-1.1023936,-0.96461594,-0.9916641,-1.0300947,-1.0439397,0.46627167,0.69827724,0.7804042,1.1706771,1.3529011,1.47083,1.5134189,1.4150304,1.0950476,0.94752634,1.0466875,1.0381764,0.9752638,angry,angry,fearful
0.766538,-0.72833127,-0.46773306,-0.8032459,0.7700111,-0.5963226,-0.7167065,-0.14121825,0.2568139,-0.31962207,0.0940147,1.9110446,-0.5780351,0.076459125,-0.024547022,-0.2063358,-0.097749256,-0.03164455,-0.029834516,-0.040381957,-0.10294334,-0.19246744,-0.14527631,-0.05842726,-0.013799795,-0.041020684,0.04855698,-0.06174564,-0.18073194,-0.12605728,-0.052250836,0.005750926,-0.041172765,-0.04328794,-0.106437616,-0.10619278,-0.005551118,0.058773775,0.119065985,angry,angry,angry
0.4553415,0.6586183,-0.528888,-0.8274634,1.9709147,0.79683137,0.40031222,-0.0029021802,1.5013549,0.636427,-0.061004348,1.3264253,0.36528116,0.14076056,0.11414211,0.0029111977,0.20777123,0.33649012,0.39292216,0.38224503,0.3658426,0.18153971,0.2122563,0.37675416,0.49582452,0.50296265,0.37771282,0.5405312,0.5938475,0.9489526,1.1602197,1.3377633,1.4674109,1.4881998,1.2797626,1.2519268,1.5386295,1.7321713,1.8690968,happy,happy,angry
-0.65682065,-0.77408165,0.35628533,-1.0902787,0.75258535,-0.014334826,-0.33744046,2.0142255,-0.3655201,-0.6190319,0.8808551,0.21392414,-0.8044813,0.45892882,0.75402635,0.7801248,0.9765066,0.82581246,0.5546468,0.27809674,0.07494659,-0.14310178,-0.17933837,-0.2050347,-0.30061382,-0.43533507,1.2369157,1.9820278,1.997131,2.0668278,1.501428,0.91903436,0.413587,0.08753372,-0.17371844,-0.33946434,-0.48164865,-0.6775885,-0.82094884,fearful,sad,fearful
1.320893,0.9319699,-1.3165576,0.7196231,0.7622369,0.1519503,-0.063828334,-0.10992706,-1.5736684,-0.47756514,0.23263802,-0.58231235,-1.185348,0.8786466,1.3189853,0.5507811,-0.31832126,0.5529562,2.9775789,2.171293,-0.8298801,-0.44607064,2.3104773,4.9542503,6.644833,7.4902573,0.77024484,1.1902488,0.40568691,-0.86898416,0.66604346,2.5656972,0.71291965,-0.091287404,1.5141518,1.1019714,-0.6617285,-1.9202081,-2.7000055,angry,fearful,angry
-1.2910917,1.2953737,0.9041811,0.86752605,0.48998016,0.34211868,1.2264626,-1.0592742,0.17907576,1.2601817,-0.43274325,-0.28042543,1.642799,0.15329856,0.1313774,0.010383368,0.22441147,0.35603118,0.34885556,0.26031753,0.20534974,0.04063009,0.014994101,0.04456853,0.064444505,0.014301245,0.19733801,0.18253514,0.089553595,0.26800632,0.40392372,0.3897424,0.23786713,0.21223512,0.11652816,-0.018373342,-0.08511362,-0.0760468,-0.03482341,calm,calm,calm
-0.6052608,-0.7936354,0.32620782,-0.4140585,0.3395094,-0.120692745,-0.8135809,-0.250059,-0.8497463,-0.3019756,0.2725464,1.4518635,-1.211183,0.20227852,0.20572369,0.0007676302,0.008046694,-0.05854675,-0.14693013,-0.15298761,-0.13598146,-0.16392237,-0.18623047,-0.31569755,-0.49164,-0.49797302,-0.5419917,-1.0068121,-1.029168,-0.9073094,-0.73718375,-0.5682402,-0.3182029,0.103500016,0.25508204,0.31120443,0.5389434,0.85348284,1.2339513,happy,fearful,fearful
1.2413841,-0.9732184,-2.39395,-1.4992795,-1.8902438,-0.96896726,-1.5197052,-1.160281,-0.1649536,-1.0111971,0.5404655,1.8773391,-0.57633144,-0.2485482,-0.72238415,-1.2449378,-1.5805616,-1.7640315,-1.9436865,-1.867961,-2.0276437,-1.6434681,-1.4518163,-1.554464,-1.6633143,-1.7040896,0.6013968,0.94038826,1.0723535,1.5326825,1.6970484,1.765534,1.743516,1.5398492,1.1117083,0.8764928,0.87948173,0.7815283,0.65012646,fearful,fearful,fearful
-0.6743336,-1.2176436,0.7352566,-0.042982005,-0.10187323,-0.34126452,-1.1920072,-0.9454999,-1.3343716,0.8309506,-0.11115796,0.6287099,-0.9649739,0.07882447,-0.019910848,-0.20139351,-0.0953042,-0.036189407,-0.045072947,-0.06635334,-0.1436293,-0.23370528,-0.19181381,-0.121530004,-0.09207505,-0.12542379,0.037265453,-0.08144712,-0.20234725,-0.1478506,-0.06480303,0.0072736004,-0.020971995,-0.0042436947,-0.055751454,-0.044042468,0.07530219,0.15216897,0.21666235,neutral,fearful,sad
-0.52349645,-0.69171226,-0.73997587,-0.9563847,-1.2134103,-0.7960328,-0.856128,-0.44516066,-0.7686394,-1.9047787,-0.40685168,0.1383274,-1.4171444,0.85049677,1.4947705,1.5394626,1.6150324,1.3802687,1.2970364,1.1725467,1.0187447,0.4007064,0.10914457,-0.070130974,-0.35106185,-0.7107383,-1.8992287,-3.1376297,-2.67512,-1.6360643,-0.57712984,-0.23337339,-0.018963015,0.82368666,1.6718714,2.2053888,2.5340936,2.305035,1.970959,calm,fearful,sad
-1.5998445,0.69475526,1.8270845,2.0253842,1.4258943,0.5858068,1.5234087,1.298462,1.8717369,1.4856337,0.74842465,1.2601639,0.9647931,0.07292505,-0.06522873,-0.38484755,-0.51816714,-0.6019998,-0.5860488,-0.41933712,-0.39043733,-0.4304023,-0.44899738,-0.46385506,-0.3191685,0.047112286,0.22394907,0.22514653,0.08919069,0.13478382,0.23013525,0.42625627,0.57467264,0.5785938,0.25250977,-0.09294279,-0.36479634,-0.5574205,-0.5365353,happy,calm,calm
-0.29375938,-0.83542883,-1.1991984,-0.96653056,-0.64603907,-0.95750207,-1.0496833,-0.44623372,-0.7543948,-1.6238829,-0.62832326,0.3477282,-1.1619977,0.103112124,0.03173921,-0.12705025,0.0037870377,0.06597713,0.0458499,-0.0066479156,-0.11310036,-0.2341934,-0.20853275,-0.15004382,-0.12280874,-0.14798382,-0.070952445,-0.26969948,-0.4138852,-0.3975078,-0.32065633,-0.28167894,-0.38280973,-0.40121964,-0.41277236,-0.3588176,-0.22529234,-0.12530774,-0.059557028,calm,sad,calm
-0.7075369,-0.74320006,-0.6477285,-0.660698,-0.89688104,-0.6465177,-0.26158878,-0.6050182,-0.8184526,-0.46395686,-0.78446347,1.0293115,-0.67684126,0.18451379,0.19921026,0.0949695,0.2778647,0.35634547,0.37171137,0.339748,0.2927674,0.07725839,0.035032526,0.039088327,-0.036051407,-0.15855579,0.07701749,0.0045269844,-0.048113666,0.13797686,0.32108468,0.46578014,0.5079425,0.5446586,0.48438624,0.5716779,0.90721834,1.1890006,1.3854203,neutral,neutral,fearful
0.70533967,1.4328325,-0.25378188,-1.6253529,1.488486,2.1614683,-1.3549275,-1.8738123,1.3110502,1.3026854,-0.5635492,-1.2557266,-0.46451995,0.12279084,0.07422416,-0.062498216,0.1001225,0.18738438,0.19506128,0.15470605,0.07842669,-0.0763015,-0.061217446,0.012158829,0.03358417,-0.025883202,0.001901651,-0.14386049,-0.27416897,-0.22970477,-0.1327668,-0.039430693,-0.04486738,-0.0053863116,-0.044000432,-0.029133035,0.08597361,0.1478338,0.18942335,happy,happy,happy
1.2447425,0.10307318,0.066206045,0.12794936,0.9209114,1.3241132,0.32029045,0.1290967,2.7509925,1.507368,0.09410681,1.0830734,0.3811339,0.15968493,0.15510261,0.06526721,0.3002018,0.4502164,0.5270278,0.5206438,0.52512455,0.31402037,0.3448704,0.5464795,0.70561814,0.7401716,-0.06425517,-0.2682686,-0.4466035,-0.4956576,-0.47007027,-0.45463508,-0.5644961,-0.5768661,-0.59182566,-0.5844855,-0.55289924,-0.5386594,-0.5107178,angry,angry,angry
-2.0650399,-0.8630435,0.43526256,0.19893973,-0.9043905,-0.07742808,-1.016499,1.1191821,-1.1779323,-0.3955343,1.6424845,-1.681813,-0.44121224,0.0731829,-0.031635318,-0.21705526,-0.11346379,-0.05068714,-0.05186644,-0.062608816,-0.12786491,-0.21260147,-0.16480066,-0.08257955,-0.042594794,-0.07237883,0.05138378,-0.05662237,-0.17413141,-0.116868414,-0.041836094,0.017264469,-0.028036693,-0.029832259,-0.09413053,-0.09399157,0.008501766,0.07423046,0.13549335,calm,sad,sad
-0.27187818,0.8874207,-0.5716663,0.4129069,0.5610159,0.055439617,1.071191,-0.61331785,-0.10864369,1.0661937,-0.31519008,-0.064635664,1.7887585,0.0164155,-0.15042895,-0.3801812,-0.31416285,-0.23336157,-0.18172316,-0.10503489,-0.074617304,-0.09095346,0.023615506,0.22792087,0.40690833,0.48912886,-0.2226808,-0.5472302,-0.764231,-0.8457725,-0.7317232,-0.5713124,-0.4874531,-0.2821445,-0.13492404,0.036290456,0.3291389,0.5828426,0.8089428,happy,happy,happy
0.34998423,-0.88797283,-1.9565253,-1.5740286,0.016440162,-1.171062,-1.1080035,0.38262552,-0.25711992,-1.0435337,0.54604447,0.14203227,-1.8522832,0.07317175,-0.031635225,-0.21705534,-0.11346355,-0.050687794,-0.051866192,-0.06260965,-0.12786548,-0.21260147,-0.16480109,-0.08258046,-0.042594966,-0.07237931,0.05139718,-0.056623172,-0.1741323,-0.11686774,-0.041836467,0.017264444,-0.028036827,-0.029832928,-0.09413136,-0.09399198,0.008501649,0.07422959,0.13549292,happy,happy,happy
-0.20742549,-1.0978432,0.7377792,0.3675036,-1.5041853,-0.98547345,0.2397313,-0.3721786,-0.0813961,-0.22289659,-0.46420786,0.48959288,-0.76587343,0.073174,-0.031634722,-0.21705532,-0.11346355,-0.050687436,-0.051867805,-0.06261003,-0.12786594,-0.21260147,-0.16480036,-0.08257955,-0.042594712,-0.07237931,0.05138468,-0.05662014,-0.17413308,-0.11686939,-0.041834857,0.017263737,-0.028036226,-0.029830527,-0.09413269,-0.09399222,0.008500883,0.0742285,0.13549401,fearful,fearful,fearful
-1.2280517,0.20796554,-0.9841907,-0.4603321,-0.70599675,-1.3633778,-1.3367989,0.29107013,-0.74333626,-1.2222342,1.3037881,0.71585655,-0.7498136,-3.1356277,-1.4441773,4.353894,-1.8984951,-4.356584,3.3504019,3.5094073,3.1741755,2.4973483,-0.25238028,0.38581738,2.1865008,-0.056105774,-1.3668493,-1.1068717,-0.04244236,-1.2821251,-1.7420331,-1.3273071,0.11247945,0.7601873,-1.4494041,-2.445286,-2.8483553,-2.7957325,-0.9574465,calm,calm,calm
-1.3000898,-0.60094035,-0.3913094,-0.31609857,-0.95523536,-1.0028329,-0.5461877,0.6505394,-0.9400193,-0.7761603,0.9073677,-0.7803791,-0.18415785,0.07318006,-0.031637322,-0.21705453,-0.11346471,-0.050688315,-0.051865887,-0.06260634,-0.12786572,-0.21260147,-0.1647989,-0.082579106,-0.042595778,-0.07237873,0.051397245,-0.056622963,-0.17413144,-0.11686774,-0.041836355,0.017263858,-0.028034903,-0.029831568,-0.094130486,-0.09399229,0.008501364,0.074229114,0.13549393,sad,sad,sad
1.1862288,-1.0221623,-1.1336942,-1.1328083,-0.38244432,-1.3984573,-1.0076851,1.0600803,-0.8595252,-0.116752684,1.6169474,-0.5921224,-0.39869952,0.073177844,-0.03163575,-0.21705483,-0.113463864,-0.050687056,-0.051866494,-0.06260705,-0.12786499,-0.21260066,-0.16479997,-0.08257955,-0.042594086,-0.072379634,0.05135371,-0.05662408,-0.17413172,-0.1168679,-0.041837182,0.017264254,-0.02803651,-0.029833525,-0.09413056,-0.093992636,0.00850142,0.074229844,0.1354934,angry,angry,angry
1.1517096,-1.581018,-1.5030799,-1.3458904,-1.0552156,-1.4205846,-0.4278611,-0.40217668,-0.29224426,-0.51114225,1.0254191,-0.47884002,-1.0715175,0.07316806,-0.03163575,-0.21705493,-0.11346323,-0.050686665,-0.05186616,-0.062608816,-0.12786448,-0.21260147,-0.16480117,-0.08257955,-0.042594653,-0.07237964,0.05140223,-0.05662399,-0.17413236,-0.116868906,-0.041838005,0.017264394,-0.028036082,-0.029833538,-0.094131626,-0.09399198,0.008501649,0.07422934,0.13549457,happy,happy,angry
1.4559559,0.44360104,0.11050846,-0.7866116,0.85632426,0.50074244,0.83970153,1.0843747,1.3408592,0.17994444,0.11164985,1.0908036,1.3571013,-0.6240137,-0.6002411,0.5280559,0.2708837,-0.6021377,-0.3574207,-0.8416884,-0.60382473,1.3563409,1.6234007,-0.29672402,-2.013606,-1.3153199,-0.5418053,-0.31270042,0.46337348,0.050109893,0.49116158,1.7499907,0.42599282,-0.33170226,1.9032497,2.3947098,0.58997303,0.35934338,1.3709178,happy,happy,angry
-0.057285305,0.9024907,0.8253857,-0.027573394,0.6004715,-0.31740704,0.8731687,-0.60705674,-0.20197378,0.6588037,-0.16827813,-2.9421117,0.8087865,0.90696114,1.5026019,1.1342598,0.3769663,-0.62225765,-1.2165176,-1.3396679,-1.6703572,-1.5285884,-1.2527376,-0.7900291,-0.02412564,0.41977465,-0.122458905,-0.3249883,-0.3532117,-0.08484311,0.24885648,0.46922374,0.48344946,0.4347665,0.3057338,0.28815213,0.31859684,0.035804346,-0.4730828,sad,sad,sad
-1.3269025,0.74213254,0.9934286,-0.19698127,0.66797864,0.25848085,1.0462351,-0.277278,0.05734915,0.088306636,0.063684456,0.23422532,-0.33886537,0.30098125,0.43849313,0.41301742,0.6782806,0.79040086,0.8411309,0.7687122,0.6758652,0.27619287,0.12869422,0.089881144,0.025119487,-0.056844924,-0.37228894,-0.80896974,-1.0613679,-1.1924541,-1.0597054,-0.88670826,-0.8229558,-0.63133526,-0.4911454,-0.3848854,-0.2560679,-0.1658864,-0.0717633,neutral,neutral,sad
0.23660776,-1.0366639,1.0145836,0.4077736,0.13429877,-0.57224107,-0.20721929,-1.099083,-0.96716535,-0.9513029,-0.18943988,-0.672278,-0.97007847,0.022171978,-0.14167386,-0.38324252,-0.3565282,-0.34426075,-0.3900158,-0.40188015,-0.50577545,-0.5155338,-0.45590404,-0.43891585,-0.46242332,-0.5233868,0.16353706,0.14865495,0.09008404,0.25030875,0.3730444,0.47409385,0.490769,0.49851125,0.38577184,0.3779947,0.5473565,0.6606915,0.75154907,sad,fearful,fearful
0.23188004,0.50671804,1.1150131,0.6525323,1.3285177,2.135311,1.8419702,-0.15918188,-0.08530004,1.2483501,0.23355167,0.06315228,0.46659178,0.8938704,1.5199167,2.0736408,3.2100983,1.8095814,0.074826084,0.1109928,-0.49676758,-1.2135278,-1.3362452,-1.3694818,0.75276977,2.5466526,-2.4496748,-4.0033,-2.9044826,-0.074419945,2.4351668,3.0060663,2.267099,1.0468531,0.8366041,1.8299656,3.103493,2.6778708,0.086758085,fearful,fearful,fearful
0.115200706,-0.53056675,-0.7926029,-0.031805325,-2.0021908,-0.94689095,-1.4682541,-0.68092644,1.2285496,-0.5644537,-2.8292332,-1.2904501,0.4937218,0.15652843,0.14804718,0.05359757,0.28065047,0.42241257,0.48881376,0.47473517,0.46404687,0.25588885,0.27904058,0.45228255,0.5769178,0.5810532,0.23221861,0.273975,0.24975944,0.4684647,0.61366296,0.7308171,0.7710615,0.7706229,0.6192272,0.5926447,0.77378017,0.885285,0.9630514,sad,sad,fearful
-1.2990856,0.768519,0.025496004,0.28646544,1.5136975,0.7439861,-0.18988615,-1.2003618,0.6256596,0.25162944,0.6242379,0.34995693,-0.33639124,0.53393465,0.8918048,0.9074962,1.0618666,0.879834,0.60853076,0.30095312,0.014982668,-0.25869495,-0.29038927,-0.19822119,0.08178283,0.58423954,0.16587639,0.20397069,0.3209529,0.804497,1.1549519,1.342827,1.3529464,1.216038,0.9382488,0.89445287,1.1470518,1.2757593,1.2240785,happy,sad,happy
-0.5339733,0.69403553,0.53743166,1.8531926,0.5464471,0.6273176,1.817251,0.21209782,0.31810665,1.0038892,-0.28214392,-0.81708,1.6636301,0.10039869,0.02714132,-0.12815796,0.016867211,0.107262604,0.13087362,0.121752016,0.07885771,-0.045586795,-0.0028361764,0.1177706,0.19628972,0.18773781,-0.119021416,-0.3685362,-0.5757336,-0.675286,-0.67332596,-0.6788654,-0.81976575,-0.83761483,-0.829547,-0.8193246,-0.82242846,-0.83383656,-0.82306004,calm,calm,calm
-0.97841895,-1.2451241,0.9835396,-0.317908,0.066237785,-0.19063798,-1.0079454,3.0573688,-0.05680002,-0.45656413,1.2835927,-0.4782967,-0.5718117,0.23445307,0.30978754,0.27007878,0.5352159,0.63781434,0.62226367,0.49507457,0.37039712,0.0998647,0.064641275,0.12711662,0.13789177,0.067612514,0.3787294,0.5238349,0.5039677,0.67886406,0.6534043,0.53933793,0.29071763,0.036426757,-0.23960182,-0.4068491,-0.5055947,-0.6181368,-0.69357234,sad,sad,sad
0.60951084,0.80857164,0.32446373,0.4877601,1.283634,1.4694155,0.6555085,0.1728432,2.147992,1.1198077,-0.4302393,1.4134442,0.8467807,1.2549266,2.2586172,2.3285916,2.3048553,1.9510804,1.8599634,1.6382688,1.4203601,0.74762404,0.6183123,0.84460866,1.0233737,0.9818729,2.8234112,4.31361,3.3668811,2.0692103,0.80670416,0.53104335,0.42795506,-0.017773109,-0.5984707,-0.85757107,-0.9163858,-1.013574,-1.247724,sad,angry,happy
-1.9813088,1.4698308,1.868256,1.7731273,0.5942788,0.32882088,1.0197837,-1.7923107,-0.34263957,0.27947006,0.30691943,-0.36754835,-0.82209694,0.04780165,-0.024909772,-0.015619891,0.3774738,0.5630766,0.49367937,0.23522484,-0.082836375,-0.3616514,-0.4567831,-0.64434844,-0.92849106,-1.0991993,-0.10687499,-0.4199811,-0.82011724,-1.1020602,-0.94395226,-0.5600783,-0.28450966,-0.09814482,-0.14357375,-0.21611753,-0.27917984,-0.48035005,-0.75944924,calm,sad,calm
1.0614932,0.13631693,0.24358532,-0.2786349,0.74079424,1.2438116,0.21530837,0.035400644,3.0329106,1.1019523,-0.22147028,1.455053,0.28563836,-0.12163468,-0.4519837,-0.8519173,-1.0420775,-1.1724305,-1.3442528,-1.3597934,-1.57364,-1.3725421,-1.2807997,-1.4509162,-1.6582274,-1.8128577,0.014657859,-0.12382539,-0.26080364,-0.23772359,-0.17904194,-0.13474636,-0.20197769,-0.20857903,-0.2582049,-0.25731313,-0.18051498,-0.13465263,-0.08768274,angry,angry,angry
0.009651887,-1.2872251,-1.8380767,-0.7532765,-1.4177862,-0.9874739,-0.9113398,-0.21319412,-0.74825156,-1.51776,0.36220247,0.3142981,-1.8021264,0.073180705,-0.031636246,-0.21705493,-0.1134641,-0.050687604,-0.05186742,-0.0626096,-0.12786548,-0.21260183,-0.16480036,-0.08257955,-0.042595237,-0.07237931,0.051363662,-0.056621738,-0.17413205,-0.11686821,-0.041836426,0.017263291,-0.02803729,-0.029833931,-0.09413206,-0.09399256,0.008501783,0.0742309,0.13549423,happy,happy,happy
0.0047570653,-0.6444534,-0.5337358,-0.8670717,-0.38914347,-0.32691935,-0.7089951,-0.17254305,0.43294597,-0.7765768,-0.5001941,1.1821207,-0.28397977,0.06359785,-0.05246239,-0.24881414,-0.15868714,-0.09972789,-0.09626897,-0.0906013,-0.1389139,-0.20680656,-0.14821325,-0.052291825,0.0032049816,-0.010849974,0.018972779,-0.11276667,-0.23583229,-0.1845102,-0.10056556,-0.03464462,-0.07812814,-0.070652485,-0.11408088,-0.08597178,0.058327425,0.17316121,0.2755428,sad,happy,fearful
-0.65076345,-0.38030395,-2.2938664,-1.949411,0.60738915,-1.1144617,-1.5794739,0.36749303,-0.32201344,-1.4944836,1.319809,2.3474085,-1.3441097,0.68519324,0.60696155,-1.5089151,-1.890627,2.1916986,0.66742665,-3.7286296,0.067799754,1.2249657,-1.5263691,0.63719815,2.0503416,-1.4319865,1.9232737,-0.044724185,-3.5565357,-0.7479813,0.60691756,-1.6310091,-1.9843849,-1.8609344,-1.0214874,1.0107266,0.57918906,-0.6026083,1.8427286,happy,happy,happy
-0.4245901,1.3910019,2.4364927,1.4578962,-0.08947941,0.6949296,0.78723484,1.3401533,0.64830244,1.085417,-0.38210616,-1.1184922,0.8990664,0.40223357,0.59138227,0.46718717,0.6920563,1.0408514,1.4292239,1.3250197,0.88322186,0.15191351,0.10776136,0.6198062,1.2260635,1.2017821,0.18822466,0.124087125,-0.124506995,-0.18382838,-0.036315344,0.0690966,-0.39627436,-1.1858485,-1.5486114,-1.269653,-0.70980865,-0.48087916,-0.98604935,sad,sad,sad
0.654943,0.3422645,0.14098571,-0.08632049,0.6606794,0.6186349,0.39228368,-1.8717325,1.3603628,1.055389,-2.1489613,-0.9848661,1.6003443,0.07317863,-0.03163684,-0.21705474,-0.11346355,-0.050686337,-0.051866606,-0.06260925,-0.12786548,-0.21260127,-0.16480017,-0.08257909,-0.042595237,-0.0723781,0.051392302,-0.056624256,-0.17413285,-0.11686907,-0.041835397,0.017264474,-0.028035538,-0.02983251,-0.094131514,-0.09399211,0.008500244,0.074230075,0.13549393,fearful,fearful,fearful
1.0116092,0.5009467,0.33214897,0.7844692,1.6981226,1.0179489,-0.7024255,-0.069435045,1.9338825,1.2461367,0.084809065,0.96200955,0.5518567,0.8779974,1.6757905,2.193888,2.9391732,2.914491,2.619547,2.0483038,1.6404681,0.7092658,0.35435778,0.4415979,0.74992394,0.922633,0.0852102,0.022581518,0.023497282,0.4283551,0.9374135,1.3660427,1.5881739,1.6014212,1.3804569,1.2754858,1.2421149,0.84819,0.3954518,angry,angry,angry
-0.8702919,0.78151745,2.007044,0.8480288,0.23802292,1.0853182,1.2344857,1.6570625,0.8144204,1.2554039,0.15763648,-0.092977956,0.89935464,0.25667194,0.3603294,0.35740453,0.6861255,0.85142976,0.90224373,0.80333984,0.7345884,0.40127447,0.35869136,0.49024084,0.5705187,0.5409211,0.18490188,0.18991503,0.15004493,0.3428534,0.47776482,0.5657308,0.52732706,0.41512975,0.1488977,-0.062349975,-0.23811063,-0.5334489,-0.8666331,neutral,neutral,calm
0.28754976,-1.024723,-0.061400782,-0.67373294,-0.73178387,0.17286886,-0.4329607,-0.30265006,-0.31610572,-0.5595071,-0.3701543,1.312232,-0.72057974,1.9772967,3.2707348,2.1607277,0.4672458,-0.068950765,0.5997926,0.054323245,-2.4204552,-3.6221623,-3.0754259,-1.6102043,-0.32022902,-1.1685624,-1.4903909,-2.260437,-1.3166124,0.0137291085,0.28145972,-0.45420367,-0.7919219,0.2639546,1.3180181,1.4535578,0.8979875,0.23871434,0.66056985,fearful,fearful,fearful
-0.9914887,-1.048094,0.69909614,-0.55471486,0.038897954,-0.35319787,-0.7893576,-0.78555214,-1.0983655,0.13520795,0.32642326,0.65700847,-1.0337962,0.07317602,-0.03163575,-0.21705455,-0.11346355,-0.05068683,-0.051866904,-0.06260841,-0.12786503,-0.2126022,-0.16480072,-0.08257911,-0.042595237,-0.07237931,0.05139106,-0.05662185,-0.17413203,-0.11686758,-0.041839115,0.01726351,-0.028037522,-0.029833449,-0.094131544,-0.09399186,0.008502485,0.0742305,0.13549392,neutral,fearful,sad
-1.8836439,-1.2811224,0.39295858,0.33739102,-0.94984245,-0.059273615,-0.8641807,1.2552375,-1.5013174,0.21451336,1.4443302,-1.501757,-0.4102844,0.076833464,-0.023958655,-0.20643869,-0.10026567,-0.038544144,-0.043213632,-0.06001893,-0.13226768,-0.22206654,-0.17936224,-0.10636109,-0.07624205,-0.112537645,0.00928226,-0.13078998,-0.25878382,-0.21069244,-0.112985544,-0.016750088,-0.013259344,0.03872963,0.012394211,0.046807792,0.19878101,0.29841545,0.37170354,calm,calm,calm
-0.41065067,-0.82379967,-0.24090032,-0.6854057,-0.9931643,-1.7883755,-0.6402663,1.8940762,-1.4957687,-1.4754108,0.27610874,-0.1478769,-1.2037281,0.07317204,-0.03163619,-0.21705543,-0.113464035,-0.050687436,-0.051866606,-0.062608816,-0.12786509,-0.21260117,-0.16480036,-0.082579836,-0.042596135,-0.07237883,0.05137735,-0.05662366,-0.1741324,-0.11686845,-0.04183426,0.017264282,-0.028036667,-0.02983367,-0.094131455,-0.093992755,0.008501767,0.0742306,0.135493,sad,sad,sad
0.062926784,1.041177,-0.45612845,0.8119497,0.63640517,-0.15658922,0.6734261,-1.0811622,-1.3715557,0.301836,0.38635573,-1.9116491,0.52205336,0.7783518,1.40693,1.6387819,2.0544555,2.015058,1.8912984,1.5866623,1.4349927,0.86081344,0.7831119,1.136836,1.6358321,2.0816524,-0.29844987,-0.6309727,-0.70428264,-0.52768826,-0.21882243,0.024955073,0.13317426,0.24654911,0.20308593,0.16336846,0.1816455,0.08363461,-0.08516555,neutral,sad,sad
0.36704803,-0.9020461,-1.3022248,-1.3517915,-0.3558443,-0.94316995,-1.6390793,0.2803004,0.051597882,-0.89762926,1.9827417,0.5579851,-1.4210052,0.07317857,-0.031635184,-0.21705493,-0.11346197,-0.050687816,-0.051866606,-0.06260792,-0.12786499,-0.21260169,-0.16480036,-0.08257907,-0.04259495,-0.072380744,0.051376797,-0.056622256,-0.1741323,-0.1168683,-0.041836288,0.017265515,-0.028036369,-0.029831773,-0.09413324,-0.093989976,0.008499955,0.07422976,0.13549484,happy,happy,happy
-1.0949451,1.1392384,1.8764833,2.221796,1.1598881,1.2170765,2.1048558,1.7237352,1.1589149,0.3152767,0.23740509,1.0370669,0.9204113,-0.4866985,-0.019058043,1.057021,0.83607674,1.5792283,-0.4440546,-2.2108848,1.1585164,1.4650915,1.0721594,1.8246233,-1.3177663,-0.68697745,0.5774344,0.68396497,0.74792844,1.0685534,-0.13216947,-0.8152472,-0.38333446,0.17432137,0.17283845,-1.3794135,-2.943348,-1.8606334,-0.62082267,calm,calm,calm
-1.1833127,-1.2378259,0.7272397,-0.046896003,-0.2640625,-0.32621425,-0.5554027,-0.44214267,-1.0836746,0.6905384,0.07695087,0.5170091,-1.51974,0.072654635,-0.03270436,-0.2184229,-0.11490046,-0.05156353,-0.051777948,-0.0614162,-0.12542534,-0.20993714,-0.16180827,-0.078745626,-0.0383276,-0.068533294,0.051385615,-0.056623764,-0.1741317,-0.116868936,-0.041836347,0.017262941,-0.028035838,-0.029832387,-0.094133176,-0.09399258,0.008501509,0.074229576,0.13549457,neutral,fearful,calm
-0.7589875,-1.4134696,-0.43053982,-0.6390489,-0.4786071,-0.5333061,-1.306659,0.6789679,-1.0150222,-0.63962954,1.2852544,-0.43470713,-0.9364341,0.07317161,-0.03163629,-0.21705534,-0.11346325,-0.050686713,-0.05186692,-0.062608816,-0.12786601,-0.21260147,-0.16480073,-0.08257909,-0.042595237,-0.07237872,0.051358964,-0.056623388,-0.17413135,-0.116868205,-0.041837122,0.01726517,-0.0280346,-0.029832652,-0.09413136,-0.09399261,0.008500046,0.07422911,0.13549513,sad,sad,sad
-0.5150216,-0.7202434,-2.151569,-1.8955717,-0.040793754,-1.0809993,-1.7416523,0.82016236,0.110701084,-1.3489329,0.89334553,2.4142144,-1.1391808,0.03500872,-0.11305892,-0.3364836,-0.28234506,-0.25009012,-0.28088185,-0.29537013,-0.3910603,-0.42416385,-0.3647878,-0.31982768,-0.31348878,-0.35981238,-0.010670075,-0.17207111,-0.32885468,-0.34097597,-0.30074775,-0.26628566,-0.34143957,-0.3393166,-0.3716486,-0.37150994,-0.32083294,-0.29871938,-0.2640546,happy,happy,happy
-1.0631129,0.6592198,1.5016798,0.65860903,0.7395554,0.7130732,1.0734754,0.46199536,-0.30259952,0.31169546,-0.97428757,-1.550571,0.36671394,0.07317037,-0.03163575,-0.21705453,-0.11346355,-0.050687168,-0.051865783,-0.062609546,-0.12786548,-0.21260203,-0.16480054,-0.08257865,-0.04259632,-0.0723805,0.051403582,-0.056624208,-0.1741319,-0.11686774,-0.041835308,0.017263277,-0.028034627,-0.029832106,-0.09413098,-0.09399062,0.008501075,0.07422926,0.13549578,sad,sad,sad
-0.9021193,0.9202685,1.6052743,1.8477516,1.4369376,0.5655411,1.3682061,1.933299,2.4534945,1.4631948,0.72748995,1.6157144,0.98207486,-0.0022465917,-0.19339985,-0.45712128,-0.4546666,-0.44704556,-0.48700452,-0.47569606,-0.56109023,-0.5389318,-0.45996723,-0.4246295,-0.42791,-0.47360697,0.26681367,0.32851574,0.28693327,0.44624662,0.47770733,0.4350231,0.2501311,0.041363087,-0.22463566,-0.4086444,-0.5484551,-0.7229567,-0.87070066,calm,calm,calm
0.25903592,-1.2269182,0.8535257,0.7565153,-0.5069528,-0.37302554,-0.65039957,0.063479304,-0.446138,-1.4047827,-0.7165878,-0.2662076,-0.5235187,-0.1926336,0.107203774,0.69562197,-0.57568616,-1.0016993,1.2221913,0.8599852,-1.2607446,-0.46391204,0.81457806,0.36403242,-0.8371126,-0.22714919,0.27572104,0.25544012,-0.09708344,0.089925215,0.9934547,0.81201303,-0.07935297,0.87273395,1.2014854,0.05915222,0.45163393,1.5991588,0.37481222,sad,sad,sad
0.67125326,-0.8670014,-0.609372,-0.08675373,-1.5290111,-1.286884,-0.18733346,-0.51022863,-0.58558667,-0.27280995,0.5291646,-0.03274997,-0.87108546,-0.015455058,-0.1816848,-0.2992734,-0.031665027,0.17489958,0.22671197,0.18217124,0.08435332,-0.1328421,-0.22528607,-0.31376097,-0.35572252,-0.25484115,-0.059425317,-0.26542163,-0.4471938,-0.4437955,-0.24830785,0.06674676,0.38627225,0.7200808,0.7797575,0.7867439,0.80709845,0.51355964,0.08600315,fearful,happy,fearful
1.5905108,-1.0437217,-0.093341604,-1.9928924,-1.2673454,-0.080700666,-0.7556734,-1.2957084,-0.025868112,-1.0248349,-1.0929445,1.7170738,0.24207184,0.40720296,0.6985943,0.90200084,1.4758191,1.6959641,1.708788,1.5226045,1.5691593,1.1439526,1.1010215,1.3483348,1.4941697,1.5110111,0.11761161,0.12624647,0.2235747,0.5793476,0.73379844,0.8244635,1.027054,1.3738694,1.4038436,1.2986614,1.2098708,0.96552366,0.904865,fearful,fearful,fearful
1.2101352,-0.9237632,-2.5660732,-1.5938244,-1.4149377,-0.9600132,-1.6601369,-0.9384545,-0.052142292,-0.5950441,0.0035514715,1.8796233,-0.51543236,-0.9633787,-1.5439634,-0.79423964,-0.37173787,-0.7415668,0.10436246,1.8654188,3.2534418,2.3349538,0.5734471,-1.8766533,-2.4424956,-0.2894053,-0.017701503,-0.3781582,-0.7549404,-0.30797315,0.46705765,0.61785406,0.63239956,0.8196086,0.4098435,0.1507072,0.9731902,2.0566578,1.9779743,fearful,happy,fearful
1.4721879,0.72182256,-0.2290255,-0.36786732,0.07607417,0.5277981,0.8859361,1.0268918,0.75295347,-0.18955334,-0.4050116,0.304578,1.0014359,-1.6967795,-1.6688792,1.3766541,1.2454479,-1.1395519,-1.4116235,-2.2632148,-1.4422057,2.699986,3.4883158,0.28909206,-2.9377565,-2.7504375,-1.183011,-0.57299286,1.4450984,0.48492002,-0.95389575,0.21964446,1.0364189,1.4114575,1.7068197,1.342059,1.5644474,1.4791821,0.20572273,happy,happy,angry
2.1378298,1.15571,-0.8954053,0.9806616,-0.42905593,-0.029760636,1.24212,-0.6057117,-1.8847743,0.41560864,0.37483546,-3.029494,-0.08640725,-9.329797,-4.0712748,4.7428865,-2.0969684,2.5109499,-1.7301469,1.0634247,-0.25617814,1.9782408,-0.7603303,0.34103328,3.594549,-1.7641672,-4.7337365,-0.85723406,0.93223995,0.5377755,0.31018052,-1.7096198,4.2277856,2.82218,2.9860797,-0.19157188,2.6577935,2.9649131,3.614092,happy,calm,happy
0.5148773,-0.6954762,-2.929074,-2.240948,0.20826426,-1.1480535,-1.9715283,-0.21609373,-0.49423212,-1.0561454,2.279263,1.343484,-1.286518,0.07316667,-0.031636886,-0.21705471,-0.11346355,-0.050687436,-0.051866606,-0.062608816,-0.12786573,-0.21260169,-0.16479997,-0.08257955,-0.042596404,-0.07237931,0.0513595,-0.05662432,-0.17413172,-0.1168691,-0.041837532,0.017264638,-0.028036656,-0.02983236,-0.09413014,-0.09399251,0.008502419,0.074230105,0.13549611,happy,happy,happy
-0.817198,0.61133224,1.2413003,1.6874692,0.94875675,0.90123993,1.3715081,0.88364494,1.3893987,1.8486229,0.8139171,0.9421905,0.7715454,-0.10899647,-0.4147515,-0.75249106,-0.80026084,-0.73755187,-0.6669541,-0.5111415,-0.47060385,-0.40177533,-0.31311324,-0.28718585,-0.38148105,-0.6035039,0.1668631,0.13510239,-0.00023719828,-0.030468684,-0.1592126,-0.36299494,-0.72590554,-0.9589699,-1.0650661,-1.0887774,-1.0703219,-0.934028,-0.66169333,happy,calm,calm
-1.0027423,-0.6737108,0.3301133,-0.63177586,0.024236687,-0.20340152,-0.91448414,-0.7525958,-1.851003,-0.30512583,0.7958487,0.73309374,-1.3046203,0.07316903,-0.03163674,-0.21705493,-0.113462456,-0.050687563,-0.051866606,-0.06261038,-0.12786505,-0.21260147,-0.16480036,-0.08257955,-0.042594984,-0.07237931,0.05136831,-0.056623045,-0.17413254,-0.116865166,-0.04183603,0.017263947,-0.028036727,-0.029833164,-0.09413007,-0.09399221,0.008500977,0.074229285,0.13549376,calm,calm,sad
-0.9467204,-0.88777566,0.3965805,0.38305286,-0.38648424,-0.016731236,-0.52319163,2.1914687,0.37479272,-0.9194368,1.6410698,0.10155347,-0.3432101,0.9218235,1.675974,1.8596419,1.9408541,1.245005,0.3449232,-0.37508735,-0.86527884,-0.90064114,-0.8409711,-0.9690465,-1.296337,-1.7972472,0.93570673,1.4010229,1.1675432,0.8466608,0.21088082,-0.17723836,-0.2462639,0.13204893,0.5212937,0.88351345,1.2885691,1.2954358,0.9234606,calm,sad,calm
1.089677,0.90926504,-0.20065077,0.15160875,0.65518147,1.4121228,1.5598006,1.0070499,1.3452668,0.9949029,-0.19494316,0.34433258,1.4965643,-0.9920853,-1.0045362,0.6220131,0.23177348,-1.1040993,-0.96831656,-1.3248919,-0.5184124,1.8280094,1.8678575,-0.18956454,-1.8722843,-1.1881595,0.101020455,0.47166884,0.94420505,0.76344854,0.6539875,1.1727197,0.9458088,0.6517945,1.2337072,2.0795999,2.5128655,1.7342156,0.7074736,sad,happy,happy
0.24608847,-1.3493168,-0.7408013,-1.1728321,0.44685245,-0.35304648,-1.1460364,0.23355305,0.8623585,-0.8321695,0.7650504,0.3711713,-0.57884794,0.22248071,0.29051197,0.26939946,0.5978522,0.8081901,0.9371137,0.9293671,0.97684985,0.6728863,0.6862533,0.9596893,1.1864631,1.2497953,-0.08273099,-0.30205294,-0.48990417,-0.55540204,-0.5369012,-0.52726895,-0.6456729,-0.6579752,-0.6638857,-0.65357494,-0.62953264,-0.61940515,-0.59252393,happy,fearful,fearful
-0.68849635,0.5046064,0.36134592,0.68636495,0.56610966,1.0182712,0.7833154,0.16315654,-0.10352804,0.69401854,-1.4317054,-0.47962046,1.1448646,0.07317586,-0.03163575,-0.21705453,-0.11346355,-0.050687436,-0.05186577,-0.062608816,-0.12786548,-0.21260127,-0.16480017,-0.08258001,-0.042595785,-0.072379164,0.05136125,-0.05662307,-0.17413223,-0.1168683,-0.04183562,0.017265394,-0.028036496,-0.02983286,-0.09413123,-0.093991354,0.008500564,0.07422975,0.13549401,calm,neutral,neutral
0.14395666,0.8494622,-0.3575276,1.5112017,0.41447634,0.23953158,0.44358224,-1.2071787,-1.4292943,0.49967518,0.20744747,-1.9889013,0.17147972,-5.102799,-2.2187939,4.4945617,-1.5535781,-1.4722328,0.6893123,1.8113431,-1.7140727,3.9053814,5.6117716,1.8818238,4.655066,4.206169,-1.9705489,-0.69643784,1.3123356,-0.55941373,0.67882645,0.63039374,0.5500428,1.5555345,-0.26142016,0.66472894,1.7703979,2.1301472,1.43479,neutral,fearful,sad
0.43664986,1.3094231,0.45081198,-0.56094265,-0.04667423,1.1276495,0.93754756,-3.3681273,0.35452762,1.3172575,-2.7204604,-2.7718234,1.1037651,0.038016733,-0.10738817,-0.3309783,-0.2789135,-0.24854599,-0.27687633,-0.28485805,-0.3708715,-0.4032476,-0.34356394,-0.2954447,-0.2857844,-0.32487363,0.008810778,-0.13434128,-0.27351493,-0.2534799,-0.19383535,-0.14679231,-0.20979628,-0.20952065,-0.2517476,-0.24286553,-0.15375029,-0.09324358,-0.030140482,sad,sad,sad
-0.6049698,1.0534332,0.8532582,-0.35430637,1.0978996,1.9950923,0.73722064,0.5761294,0.8234728,0.40561065,0.9146684,-0.37975493,1.440807,0.10704804,0.04132772,-0.107365765,0.045738295,0.13954125,0.16423757,0.15057921,0.104903646,-0.03027214,0.0058750007,0.12029153,0.18874642,0.16735968,-0.3393541,-0.77079976,-1.0897224,-1.3808722,-1.4569046,-1.5224907,-1.7514842,-1.7551333,-1.6305641,-1.5715932,-1.6366781,-1.667337,-1.6391107,neutral,happy,sad
2.0518265,0.8222501,-0.6838852,-0.6840211,1.3053648,0.16314879,-0.2696943,-1.347553,1.8301013,0.35724106,-2.5652473,1.0052155,1.1663537,-0.031289835,-0.25046796,-0.51857173,-0.48756713,-0.39848894,-0.31510937,-0.1816747,-0.10257674,-0.07734424,0.05757951,0.27447224,0.44078627,0.47377554,0.09119977,0.00970056,-0.11303369,-0.08341643,-0.07480439,-0.100793906,-0.24702309,-0.3193121,-0.39023364,-0.38500172,-0.28317842,-0.15700634,0.020374376,angry,angry,angry
-1.5756165,0.67355806,0.8659416,0.8202515,1.3307246,1.419348,1.5752767,-0.09601964,-0.25646323,0.61352545,0.48592588,-0.0844719,-0.22779113,0.7287649,1.2892727,1.4245532,1.682685,1.4784161,1.1076778,0.5746081,0.083187915,-0.31214103,-0.36527938,-0.33027056,-0.2989448,-0.31521493,-0.55241174,-1.0078247,-0.9305589,-0.48535177,0.08922083,0.4603029,0.57391936,0.5413336,0.22962207,-0.14203413,-0.51302534,-0.8631031,-1.044625,sad,sad,sad
-0.3975247,-0.95558137,-0.012178242,-1.1872469,-0.83813965,-2.1654289,-0.5747507,1.2523209,-0.27392092,-1.3084104,-0.4752651,0.3075766,-1.3755307,0.07317666,-0.031636186,-0.21705493,-0.11346355,-0.050688017,-0.051867615,-0.06260814,-0.1278651,-0.2126021,-0.16480096,-0.08257974,-0.042594574,-0.0723798,0.05138437,-0.056623437,-0.17413116,-0.11686936,-0.04183592,0.017263986,-0.028036663,-0.029832203,-0.09413064,-0.09399238,0.008501884,0.074228846,0.13549541,sad,sad,sad
-0.08335869,-0.7905847,-1.5865427,-1.6987251,-0.31886664,-0.8920868,-1.1246469,-0.9883043,0.28851378,-1.5438838,0.62670153,1.8080857,-0.5968132,0.26999444,0.4677661,0.7486224,1.4431164,1.7659842,2.04008,2.3056374,2.8083577,2.030156,1.5662354,1.5677032,1.7680751,1.9854822,-0.36572608,-0.7806126,-0.97363067,-0.9953188,-0.79612523,-0.6506411,-0.7673689,-0.9237759,-1.0980313,-1.2218527,-1.329888,-1.3927844,-1.49284,sad,happy,happy
-1.9217184,1.2385073,2.1200278,2.2228649,0.87679046,0.6233749,2.0925543,-0.67230743,-0.3462939,1.0753244,0.2586403,-0.50138783,1.3553957,0.12857582,0.089916565,-0.027725605,0.16348605,0.25622368,0.22484857,0.09414809,-0.11829125,-0.33955523,-0.39901337,-0.47148964,-0.5755622,-0.68111753,0.7597829,1.2311745,1.4486427,2.054853,2.2776585,2.383683,2.410961,2.1764634,1.6469445,1.3636606,1.4094685,1.3716301,1.3443072,sad,calm,calm
-0.42141113,1.3696139,1.080817,-0.0028906586,0.7333017,1.9830183,0.9089354,0.88739437,1.0599056,0.56969965,0.5152068,-0.84043264,0.76073444,0.3721,-0.014183732,-0.87100554,-0.35057545,-0.024160473,-0.33084783,-0.33207947,-0.035367996,-0.36634526,-0.4259672,-0.35974514,-0.5156227,-0.85830563,0.35171434,0.1183807,0.32426792,1.2197839,1.3391323,1.7315981,0.9021091,0.09141567,0.19733234,1.1682559,1.3128873,0.7257165,0.52094585,sad,sad,sad
-0.6612623,0.760817,2.2123525,2.4801228,-0.2227273,0.6567823,1.1294621,1.5241513,0.56538075,1.6587744,-0.19396664,-1.0937563,1.018569,0.07904029,-0.016811535,-0.18512052,-0.04491188,0.06568015,0.12586422,0.16119991,0.1705166,0.06256701,0.12985078,0.30968252,0.45178953,0.4909591,-0.28198695,-0.6553358,-0.90214676,-1.0368583,-0.95182985,-0.82850546,-0.813954,-0.67337805,-0.56940854,-0.4967224,-0.43222198,-0.44418773,-0.50513947,calm,calm,calm
-1.1557827,0.41517603,1.7766888,2.026387,0.7654771,1.0894682,0.55137396,0.8409617,0.6630852,1.7512753,0.68230224,1.4455783,0.85425633,-0.23025025,-0.6720377,-1.1307713,-1.3525649,-1.4154139,-1.4494189,-1.2835582,-1.3137257,-1.0494163,-0.8633278,-0.8056228,-0.76946855,-0.776175,0.67204565,1.0532461,1.1689122,1.5966506,1.7015581,1.7031664,1.61419,1.3866509,0.97664666,0.73553145,0.6831573,0.5376749,0.4013219,fearful,fearful,fearful
0.08556441,1.9292648,0.06625801,-0.9737754,1.4556472,1.2519656,-1.0209466,-1.5066261,0.77685946,1.2286448,0.1403751,-0.47372717,-0.3761301,-0.62461156,-1.5505894,-2.431362,-2.8367221,-2.4718096,-2.2006917,-2.1108809,-2.3370252,-1.5432075,-0.7412199,-0.020027835,0.6160332,1.0753121,0.38445458,0.5053901,0.5386543,1.2268045,1.9947168,2.2250555,1.6550771,0.92794865,0.74836016,0.9794946,1.064677,0.5851361,0.33927485,happy,fearful,happy
-0.32675645,0.8367348,0.3462788,-0.23081109,0.45521808,0.8390671,-0.468515,-0.9241077,0.3645208,0.48415735,0.13976415,0.06676317,-0.2710233,1.9638839,3.4134371,2.7260942,1.0109804,-0.4383733,-0.1079004,0.7819207,0.4765668,-1.005588,-1.9354833,-2.1736493,-1.2084566,0.20232129,-0.09323072,0.28161344,1.732665,3.3631225,2.6803913,1.0621563,0.49253803,1.2948895,1.527429,0.95850426,0.70770687,1.5321841,2.6494927,happy,calm,fearful
-0.572968,-0.91899407,0.42150736,-0.4728433,-0.22664577,0.12015303,-1.2674963,-0.5931684,-1.8748807,-0.113126755,0.6628637,0.84878856,-1.4530392,0.12747191,0.08187104,-0.059642117,0.09273509,0.17624879,0.19833522,0.18790922,0.14999005,-0.0023149073,0.009051837,0.07986666,0.08568927,0.011616192,-0.004688635,-0.16201632,-0.31785974,-0.32468137,-0.2714883,-0.20895737,-0.23599604,-0.18657118,-0.19534205,-0.16880317,-0.06322829,0.008992109,0.09471819,calm,calm,calm
1.5769513,0.7619422,-1.2434785,1.2359895,0.10086341,-0.6920231,-0.0025693753,0.21421516,-2.3286047,-0.6760644,0.9700636,-1.6199275,-0.5353499,0.05249597,0.009443165,0.04938313,0.2648377,0.0530197,-0.12738371,0.194167,0.6622723,0.4223324,0.08071115,-0.095097445,0.12294629,0.44332072,-0.097817846,-0.33627164,-0.55790615,-0.65358806,-0.493367,-0.066268675,0.5045162,1.101144,1.2999053,1.4662992,1.8925133,2.1577442,2.086762,angry,angry,angry
1.5366092,0.21135867,-0.36605105,0.6972512,0.18024373,0.6490629,0.57425874,-2.312117,0.73568213,1.4028733,-2.6856134,-0.60359,1.429543,0.07316997,-0.031634722,-0.21705474,-0.11346355,-0.050687436,-0.051867004,-0.06260801,-0.12786548,-0.21260074,-0.1647993,-0.08257779,-0.042595766,-0.07237903,0.051358066,-0.056622256,-0.17413281,-0.116869025,-0.04183655,0.017263282,-0.028037392,-0.029832387,-0.09413038,-0.09399258,0.008502137,0.07423157,0.13549596,angry,angry,angry
1.4351661,-1.3060683,-0.8225847,-1.1347914,-1.2505044,-0.5694917,-1.2176983,-0.31853953,-0.10226743,-0.24686944,-1.9670798,-0.08667456,-0.03372262,0.073178135,-0.03163673,-0.21705493,-0.11346382,-0.050687764,-0.051866986,-0.062608816,-0.12786548,-0.2126013,-0.16480002,-0.082580395,-0.042595237,-0.07237877,0.051390883,-0.05662285,-0.17413215,-0.1168695,-0.041836713,0.017262861,-0.02803598,-0.029833157,-0.09413182,-0.09399175,0.008501517,0.07422855,0.13549283,angry,angry,angry
-0.41421276,0.98040897,0.6223828,-0.25492102,0.9445058,2.1613114,0.63284296,0.5310249,0.747777,0.5518192,0.591263,-0.34960967,1.3098954,0.045501538,-0.091413125,-0.30762124,-0.24650882,-0.21209085,-0.2383379,-0.2497211,-0.3354403,-0.37745652,-0.32083523,-0.26957503,-0.25705555,-0.29556444,-0.5725465,-1.1976254,-1.6393447,-2.145172,-2.3211281,-2.474708,-2.8333158,-2.8568597,-2.630793,-2.5542963,-2.7568152,-2.8838935,-2.9138865,calm,happy,happy
-1.9422488,0.66142935,1.3347781,1.4491476,0.5000833,0.9519261,0.10050673,0.07245737,-0.6083007,-0.30266848,1.1156898,0.28918883,-0.4019422,0.11637656,0.06593631,-0.06627084,0.072521344,0.0897122,0.009840942,-0.07489769,-0.18950231,-0.26881298,-0.19835621,-0.09095406,-0.027450649,-0.037627097,-0.14369084,-0.4062679,-0.57867503,-0.54433006,-0.33449525,-0.12461769,-0.04343327,0.043470837,-0.01649358,-0.065283455,-0.013690004,0.027140915,0.061690297,calm,calm,calm
0.35167235,0.080377035,0.18437578,-0.80210406,0.7675509,1.4031347,1.0407662,-0.40740347,0.93618405,0.5248443,-0.4623996,0.04226307,-0.04286168,0.084552445,-0.008987838,-0.1897267,-0.08431243,-0.026343819,-0.036704455,-0.065948874,-0.1595539,-0.26143274,-0.22944078,-0.17623256,-0.16844448,-0.23112422,0.038183436,-0.082868606,-0.21207589,-0.16671152,-0.080210604,0.002485352,-0.020101815,-0.00812197,-0.06287341,-0.03996141,0.1123598,0.23525392,0.3397279,angry,angry,angry
-1.0204875,1.9469724,1.489297,1.1988769,1.3385029,0.6615649,-0.970419,-0.91093224,1.5657083,1.0546906,-0.8484467,1.0746704,1.2515019,-0.74898744,-1.679985,-2.2386944,-2.3069344,-2.0028985,-1.8376,-1.5969512,-1.628095,-1.28786,-1.1414495,-1.2750496,-1.441497,-1.5172265,1.9763888,3.136124,2.8975499,2.5848944,1.7474579,1.2763004,1.0185649,0.7372366,0.36352035,0.23200686,0.35057828,0.38309565,0.27750316,sad,neutral,calm
-0.3767904,-0.7785774,-1.6843903,-2.113375,0.10465931,-1.0907875,-1.5946575,0.06884125,-0.5090129,-0.5323099,1.0730083,1.2591845,-0.96780527,0.089368455,0.003432002,-0.16357309,-0.034286615,0.04595747,0.06014383,0.049891308,-0.0029684305,-0.11316141,-0.07022781,0.031410854,0.08866415,0.06419607,-0.004167855,-0.15760086,-0.30139926,-0.28738636,-0.22430107,-0.16893373,-0.21873225,-0.19877255,-0.22103749,-0.18947716,-0.06394637,0.03762389,0.14275298,angry,happy,happy
0.04495981,1.1566389,0.1606974,1.1165826,0.3436584,0.35983634,1.4770939,-0.5539387,-2.5283504,0.24681538,0.21631315,-2.2753499,0.1639525,3.226846,4.9670177,2.0286653,-1.2623457,-0.6707875,2.269087,3.0398073,1.5705924,-0.32011792,-0.3662035,0.88538957,2.5947046,3.479696,-0.9331014,-1.4370053,-0.89678603,-0.2951489,-0.3283161,-0.40825546,0.27920768,1.467119,1.873401,2.0947275,2.8090315,3.0078657,2.0759177,fearful,fearful,sad
-0.31383997,0.6731514,1.8974354,1.6023734,-0.18390682,0.5321254,1.4741387,0.60366154,0.9561357,1.3877186,0.33015713,-0.4333535,0.8891648,0.08702782,-0.07929031,-0.5678751,-1.0407757,-1.4747708,-1.8337729,-1.9890009,-2.6112456,-2.5785334,-2.6992419,-3.155688,-3.211802,-2.8372061,0.74823284,1.1458057,1.151698,1.4217304,1.5092595,1.6750754,1.7973826,1.6126375,1.0778438,0.79473174,0.9802994,1.39571,1.9206363,happy,calm,fearful
-0.7005944,1.7752124,1.3644793,-0.29749495,0.8730489,2.1032262,0.85495895,0.45664397,0.42090195,0.7938198,0.9032629,-1.5179036,0.8495893,0.07407223,-0.029678024,-0.21399061,-0.10872276,-0.04452327,-0.044126812,-0.054069404,-0.11734946,-0.2032622,-0.15485395,-0.06910689,-0.025074808,-0.051673833,-0.1905249,-0.49901453,-0.7423796,-0.9038782,-0.92689323,-0.95141673,-1.1201078,-1.1324905,-1.085952,-1.0588421,-1.0798486,-1.0948629,-1.0753988,calm,sad,sad
-0.15176718,0.54140836,0.12601505,-0.36488137,1.0532782,0.6866131,-0.87203634,-0.7585247,0.8551437,0.339469,0.13975796,0.50921273,-0.05217394,0.57714164,0.44699192,-0.91489315,-0.9942171,1.2769315,2.663263,0.7609276,-1.3781239,-0.555165,1.1537119,1.6089046,-0.12690401,-1.1054518,1.205313,0.7315858,-1.791297,-2.1116488,1.6615205,3.804611,0.9662718,-2.4725478,-1.0804061,1.9998964,2.453664,-0.72552824,-2.3045135,happy,fearful,angry
1.6280184,-0.50611174,-1.163822,-0.4661092,-1.8234457,-0.48924825,-1.1600397,-0.7818111,-0.5503944,-1.4374119,0.55903125,0.37590736,-1.8029735,-4.912024,-3.3922803,4.8493934,1.1096183,-0.6331633,3.3942797,2.7393036,3.0387504,4.01822,2.7398453,-2.387491,-2.3419394,1.952317,-1.383858,-0.6428116,0.4765997,-2.3383052,-2.0099769,0.38601807,1.3628972,2.107771,0.3100017,1.4629701,5.4097695,2.1066747,-3.0594838,fearful,calm,fearful
-0.46265885,1.2619624,0.8088939,-0.10295399,0.85981464,2.1555405,0.67990553,0.5501524,0.9387598,0.6787615,0.113843404,-0.8163308,0.87974364,0.10670769,0.040951084,-0.10640588,0.050826155,0.15181826,0.18725339,0.18425597,0.155882,0.022563528,0.06909664,0.21384178,0.31879374,0.3288859,-0.16856587,-0.45862207,-0.6895206,-0.8284385,-0.83860147,-0.8500183,-0.9993997,-1.0032314,-0.96232754,-0.93085176,-0.9262744,-0.91969156,-0.8832921,sad,sad,sad
-1.636971,0.37778372,1.9713839,2.4711494,0.6350382,1.0880511,1.9089575,0.028273333,0.09963364,1.8509135,0.4833917,0.6141023,1.3930675,0.58584666,1.0554451,1.3423127,1.9874798,2.2331512,2.2876968,2.024975,1.9541329,1.2888025,1.1279184,1.3137296,1.3689243,1.1706724,0.5184012,0.7676716,0.77186346,0.9518663,0.84103674,0.6559727,0.41307208,0.2401463,0.057366665,-0.009155332,0.037337918,0.023697795,-0.03217082,fearful,fearful,calm
-0.85719204,0.54696625,0.15442663,0.45976862,0.43774068,0.6231008,0.92371404,-0.09600206,-0.33757883,0.63950884,-1.3534985,-1.303231,0.98978305,0.07317715,-0.031634644,-0.21705493,-0.113463245,-0.050687805,-0.051866606,-0.062607944,-0.12786548,-0.21260138,-0.16480064,-0.08257955,-0.042595237,-0.07237931,0.051387474,-0.056622975,-0.1741309,-0.116867326,-0.04183517,0.017263265,-0.028037902,-0.02983308,-0.09413084,-0.09399224,0.008503,0.074229255,0.13549384,neutral,sad,sad
-1.68204,1.7369528,2.0090182,1.1615803,0.36768916,0.43789202,1.2683059,-1.7633543,-0.44709378,0.10782729,0.8720091,-0.14109755,-0.43249932,0.05897015,-0.05548718,-0.2738479,-0.36386484,-0.6216428,-0.83503485,-0.7254461,-0.6947397,-0.673232,-0.67320573,-0.6341262,-0.4231894,-0.28528664,-0.18688387,-0.41903302,-0.53413993,-0.8065496,-1.287864,-1.5683606,-1.4772385,-0.99848986,-0.77484345,-0.6393989,-0.11540948,0.7241575,1.1941912,calm,calm,calm
-0.5937447,-0.5708221,0.37116516,-0.99289936,-0.19367789,-0.21711631,-1.4710554,0.09706983,-1.7206713,-0.854275,0.38457185,1.1898996,-1.4386226,0.073177725,-0.03163575,-0.21705426,-0.11346355,-0.050686236,-0.051867038,-0.062608816,-0.12786509,-0.21260084,-0.16480036,-0.08257917,-0.042594783,-0.07237882,0.051367573,-0.056624286,-0.17413156,-0.11686869,-0.041838594,0.01726351,-0.028037783,-0.029833226,-0.094133206,-0.0939924,0.008501287,0.074228495,0.13549419,calm,sad,sad
-1.1255921,0.6498208,0.53066015,0.40170455,0.6975223,0.7153704,1.0852332,-0.16788235,-0.9808483,0.8035812,-0.88432395,-0.96830577,1.0816852,0.07317596,-0.03163575,-0.21705493,-0.11346283,-0.05068621,-0.051865794,-0.06260841,-0.12786566,-0.21260184,-0.16480036,-0.08258,-0.042594172,-0.07237902,0.051375844,-0.056622963,-0.17413203,-0.11686959,-0.041835625,0.01726374,-0.028035963,-0.029833594,-0.09413136,-0.093992464,0.0085014375,0.07422974,0.13549392,calm,sad,calm
-0.39176014,-0.41159958,-1.4474404,-0.7140066,-1.1846143,-1.8692415,-1.1087817,0.47195503,-2.0230896,-1.8636136,1.0336281,-0.7581322,-1.7793447,0.07317078,-0.031636193,-0.2170546,-0.11346294,-0.050688032,-0.051867295,-0.06260673,-0.12786509,-0.21260117,-0.16480036,-0.08257955,-0.042596146,-0.07237931,0.051402204,-0.05662254,-0.17413309,-0.11686906,-0.04183442,0.017264487,-0.028036114,-0.029832423,-0.09413157,-0.09399203,0.008502009,0.07422943,0.13549502,calm,calm,calm
0.85460037,1.0891682,0.31056178,0.18625838,0.3066079,1.325802,1.8299876,0.95848775,0.91333485,0.27201328,-0.82159954,-0.07456988,1.4980407,-0.37538254,-0.1723071,0.8628492,0.8276648,0.7717531,1.0749911,-0.5885151,-1.0279597,0.77398133,0.9798035,0.4862903,0.8885845,-0.05434251,0.57151705,0.7533152,0.6522688,0.97887355,0.8229489,0.18940595,-0.12048955,0.41436246,0.7774555,0.6412073,0.21098031,-0.27121145,-0.19903249,sad,sad,happy
0.80189115,-1.569601,-1.5976377,-1.1416082,-0.24284337,-1.0428724,-1.1221226,0.4867545,-0.9263777,-0.9240626,0.9568022,-0.42139444,-1.5653212,0.07317934,-0.031635202,-0.21705286,-0.11346294,-0.050687525,-0.051866177,-0.062610544,-0.127865,-0.21260226,-0.16480036,-0.08257955,-0.04259468,-0.07237993,0.051388033,-0.056623615,-0.1741323,-0.116868876,-0.041835833,0.017263267,-0.028034562,-0.029832652,-0.094131745,-0.09399217,0.008502543,0.07423008,0.13549384,happy,happy,happy
0.7714589,-1.2572528,-0.48399174,-0.42931154,0.50613505,-0.30386734,-1.1081672,-0.25580874,-0.5359862,-0.49880782,-0.47568077,1.9098601,-1.0672692,0.07318144,-0.03163575,-0.21705572,-0.11346531,-0.05068797,-0.051867425,-0.06260923,-0.12786478,-0.2126011,-0.16479963,-0.0825791,-0.042594697,-0.072378725,0.051388852,-0.056624625,-0.17413159,-0.11686905,-0.041838154,0.017264444,-0.02803796,-0.029833198,-0.0941291,-0.09399136,0.008502938,0.07422879,0.1354962,angry,angry,happy
-1.6148248,-0.34166184,-0.5674774,0.13538498,-1.1193546,0.14210637,-1.2648664,0.14572208,0.14437166,-1.0922527,0.85968167,0.33572176,-0.14449401,0.3066753,0.39418358,0.1584896,0.092585206,0.064023554,0.20750897,0.3630112,0.3448669,0.0035045317,-0.16584042,-0.29166856,-0.4469996,-0.58379954,0.2630279,0.34149036,0.31967843,0.3742556,0.15400313,-0.035395537,-0.018651921,0.26712853,0.23372355,-0.14710471,-0.75482583,-1.2660946,-1.1860915,fearful,sad,calm
2.3021193,-0.066607706,0.4070081,-0.41274878,0.9255635,1.074331,0.7842626,1.1523181,1.8231592,0.23498143,0.50608677,2.6133444,0.6399329,-0.1257475,-0.25628382,-0.17602924,-0.18827191,-0.45488515,-0.48153612,-0.6378562,-0.889785,-0.28044987,0.20387235,-0.21134776,-1.0224856,-0.8458553,-0.67928934,-0.59797525,0.33637124,0.0068400656,-0.87248564,-0.54446447,-0.78070855,-1.1094574,0.52926666,1.8698511,0.44060498,-1.7274351,-0.46495742,angry,angry,angry
-0.5866205,-1.1156137,-0.38395247,0.11273674,-2.2293143,-1.7141539,-0.41199216,-0.53389835,-0.73068386,-0.54150766,0.10842652,-1.1894436,-1.0440443,0.07318006,-0.031636212,-0.21705528,-0.11346406,-0.050688054,-0.051866606,-0.06260737,-0.1278665,-0.21260114,-0.16480036,-0.08257955,-0.042595237,-0.07237983,0.051353842,-0.056621674,-0.17413113,-0.11686928,-0.041835465,0.017263206,-0.028036458,-0.029833484,-0.094130486,-0.093993224,0.008501275,0.07423094,0.13549434,calm,calm,sad
-0.08632085,0.60754395,1.0694065,1.5526075,1.0349114,1.2384266,0.82012403,0.52117723,0.944073,1.2957357,0.3993479,1.6183301,0.6087206,1.209975,1.862841,1.0617324,0.4496349,0.40354943,0.30038714,-0.09764894,-0.24996847,-0.23179048,-0.3031524,-0.41691902,-0.3321816,-0.19643252,3.7289777,5.0335054,2.4396257,0.53968424,0.45855546,0.45401198,-0.4012932,-0.6806676,-0.5502392,-0.94488096,-1.7550702,-2.3293486,-2.525932,fearful,calm,fearful
0.4755378,0.2217777,0.1733628,0.53486973,0.29365677,0.7068286,0.80163187,-1.5744975,1.0627319,1.2360972,-2.1519072,-0.6509379,1.1610967,0.07316854,-0.031633552,-0.21705483,-0.11346378,-0.05068762,-0.051864892,-0.06260903,-0.12786451,-0.21260226,-0.16480073,-0.082578614,-0.04259468,-0.07237931,0.05137713,-0.056623675,-0.1741316,-0.11686772,-0.041835833,0.0172646,-0.028036365,-0.02983244,-0.09413188,-0.09399069,0.008502096,0.074230164,0.13549289,fearful,fearful,fearful
2.1545575,0.25383592,-0.5654391,0.112662025,0.7464056,0.14950475,-0.17127667,-1.8852048,1.483303,0.99072444,-2.7942262,-0.09385993,1.4010092,0.07317748,-0.03163575,-0.21705493,-0.11346273,-0.050687604,-0.051867753,-0.06260805,-0.12786593,-0.21260077,-0.1648008,-0.08257786,-0.04259549,-0.07237855,0.051341444,-0.056622755,-0.1741328,-0.11686674,-0.04183446,0.017264487,-0.028036226,-0.029832207,-0.09413112,-0.09399158,0.008500582,0.074230455,0.13549532,angry,angry,angry
1.3927777,-0.89908224,-1.9830588,-1.4345442,0.023875087,-1.7680205,-0.75523967,1.6343169,0.04969073,-1.0282042,1.3365097,0.11092188,-1.0774329,0.07317674,-0.03163575,-0.21705532,-0.11346355,-0.050687775,-0.051866606,-0.062608816,-0.12786548,-0.21260074,-0.16480106,-0.082579985,-0.042596795,-0.07238045,0.051386055,-0.056622062,-0.1741323,-0.1168683,-0.04183664,0.01726407,-0.02803597,-0.029834485,-0.09413111,-0.09399174,0.008502473,0.074229576,0.13549536,angry,angry,angry
-0.4276183,0.9151641,1.0769215,0.20050792,0.9867727,2.1892884,1.6323377,0.35113388,-0.12329421,0.46310666,0.68249375,1.5558492,-0.010646402,0.08878852,-0.055403158,-0.45231187,-0.6266675,-0.36502987,0.40243155,1.0110317,0.9666154,0.020608153,-0.7206249,-1.3745139,-1.4705963,-0.9515695,0.8892863,1.824238,3.1665294,4.830358,3.32178,-0.18401489,-2.402792,-0.8198083,1.7223761,2.5877352,1.9244379,-0.13552639,-1.9476703,fearful,sad,sad
0.32794487,-0.9081886,-0.9249362,-1.5115966,0.8063093,-0.39000925,-0.7899261,0.86891973,1.3788056,-0.0843047,1.5858217,0.510797,-0.19283982,-0.04467458,-0.28587848,-0.60078686,-0.6741239,-0.72689015,-0.8293632,-0.8410567,-0.99291897,-0.9042476,-0.8276324,-0.8916829,-0.9931956,-1.0908093,0.06688629,-0.02833543,-0.13812199,-0.06775241,0.012197568,0.07468277,0.03428413,0.030140616,-0.043332566,-0.04815583,0.05553366,0.11898432,0.17502587,happy,happy,angry
1.3080829,-1.0519724,-0.11111366,-1.3788631,-1.123309,-0.15701494,0.0552197,-0.16949719,0.6687147,-0.39545053,0.042040337,1.2685778,0.022182962,0.23644319,0.32010862,0.31176865,0.6543591,0.86774886,0.9938727,0.97326046,1.0107021,0.68820393,0.69042385,0.9534898,1.1683204,1.2217792,0.14572552,0.11521888,0.043752126,0.17823212,0.27929616,0.35327485,0.32895708,0.30406302,0.17827219,0.14009272,0.23389702,0.27147898,0.29086158,angry,fearful,angry
-1.0856168,0.44432476,-0.42599246,-0.45995596,-0.83173126,-1.1762897,-1.4082028,0.0041629337,-0.46725765,-1.4412037,1.4313556,0.6568947,-0.61071193,-3.8841379,-1.7973962,4.0843444,-1.4969841,-2.7914627,0.2702239,3.1931243,3.103417,0.9269398,-1.1412398,-5.2586765,-0.9271637,1.1285137,-1.0826002,-0.06696536,1.19405,0.8902918,1.1661086,-0.82737195,0.39405066,1.6232774,1.5024228,2.6257288,0.577497,0.3807803,1.5478625,calm,calm,neutral
0.838013,-0.14819448,0.11172996,0.5951479,0.46368626,0.18730593,0.47431162,-0.7724163,-0.19484383,0.6573197,-0.66061336,0.19612841,0.65364885,0.08195358,-0.0127036,-0.18843867,-0.07156055,9.725256e-06,0.0066612368,-0.0037192393,-0.062037945,-0.15960948,-0.11361993,-0.019555504,0.032175414,0.00859461,0.026918178,-0.1014445,-0.23194532,-0.19748959,-0.13338438,-0.08418694,-0.14416252,-0.14921375,-0.20376885,-0.20319541,-0.11797808,-0.065671906,-0.014142457,angry,angry,angry
0.33856758,-1.4198098,-0.28488165,0.41093028,-2.2101107,-0.8151755,-0.6375988,-0.4988138,0.48539996,-1.1891036,-2.2188735,-0.070673704,-0.29968196,0.1156776,0.060066964,-0.07856123,0.089096665,0.19397052,0.22997081,0.22022307,0.18729915,0.040193763,0.07834952,0.21545672,0.30918077,0.30643407,0.10175057,0.035583414,-0.055588998,0.047554027,0.14345352,0.22059573,0.20193677,0.20325303,0.116434865,0.11185301,0.24195713,0.32649827,0.39846885,sad,sad,calm
0.9782233,0.37041855,0.14094073,-0.6212382,0.880332,0.56504315,0.6778709,0.1700039,0.5778581,0.8982423,-0.1036382,-0.63502735,0.38309056,-0.0010564186,-0.19183025,-0.4590762,-0.46765545,-0.478857,-0.54564434,-0.55880326,-0.68167245,-0.6576414,-0.5937792,-0.60966104,-0.66639996,-0.74614096,-0.23040862,-0.57215637,-0.83700436,-1.0364965,-1.078499,-1.1208208,-1.315885,-1.3359056,-1.2748935,-1.2492552,-1.3029987,-1.3445363,-1.3453528,angry,angry,angry
0.011136228,0.3738482,-0.30547225,0.9994684,0.2260801,0.34281662,0.68033564,-1.1183488,-0.13073173,0.84813267,-0.6638612,0.7855804,1.1309248,0.16783525,0.1726812,0.091905445,0.33936867,0.4978718,0.5824463,0.5768976,0.5886551,0.36575815,0.39549404,0.6097079,0.781793,0.82403284,0.060429256,-0.040049028,-0.15284729,-0.08739912,-0.008705103,0.053502083,0.012790823,0.011357913,-0.057117485,-0.058031972,0.04900385,0.11765941,0.18038322,happy,happy,happy
-0.051943798,-1.3458543,-0.7556012,-0.9664723,0.2640036,-0.2859174,-0.9564764,0.45913684,0.6694284,-0.695776,1.253292,0.04575137,-0.7102099,0.18943428,0.21911494,0.16125208,0.43889183,0.6148556,0.7124218,0.70145303,0.7196768,0.4636438,0.4817491,0.70457304,0.8795272,0.91239226,-0.1408081,-0.40844396,-0.62728804,-0.7473583,-0.75543857,-0.77025265,-0.92490846,-0.94633734,-0.9300542,-0.92015004,-0.94009775,-0.96503747,-0.96456885,happy,fearful,fearful
-0.9434917,1.0153636,1.3574609,1.002159,0.5732989,0.786367,1.6280073,0.039364565,-0.3659841,0.6772174,-0.7766928,-0.5773845,1.1352656,0.611233,0.83112407,0.27809176,-0.07661962,-0.5754289,-1.7079068,-2.319156,-1.8175756,-0.60936004,-0.47785428,-0.8953417,-0.6943994,-0.054240886,1.0654174,1.243827,0.23041148,-0.54213053,-1.2652476,-2.7016242,-3.9741733,-2.8484316,-1.1236001,-1.0071602,-1.6907505,-1.3557887,-0.4180134,calm,calm,calm
0.47089812,-0.73255247,-0.08866237,-0.7583384,0.780464,-0.26744598,-0.49916965,0.07931854,0.19512652,-0.25822118,0.11270019,1.5554161,-0.5155533,0.05710862,-0.066141464,-0.2684174,-0.18677399,-0.13623524,-0.14608653,-0.15203047,-0.22102499,-0.28160962,-0.2252916,-0.14917964,-0.112080604,-0.13734256,0.10543181,0.0418654,-0.049219836,0.05248548,0.14296083,0.21172152,0.18071777,0.16882776,0.072448954,0.055279788,0.16157515,0.22152711,0.26990655,angry,angry,angry
0.9031186,-0.71790767,-0.12279893,-2.0276616,-0.56924295,-0.31470865,-0.5575855,-1.184525,-0.041047987,-0.75545645,-0.69145155,0.43178228,0.042762894,0.07317541,-0.03163575,-0.21705532,-0.113463834,-0.050687097,-0.051866706,-0.062608816,-0.1278646,-0.21260074,-0.16480036,-0.08257868,-0.042595237,-0.072377615,0.051380146,-0.05662196,-0.17413281,-0.116869815,-0.041836847,0.017263789,-0.028036099,-0.029833177,-0.09412932,-0.09399174,0.008503229,0.07422943,0.13549408,sad,happy,happy
-1.5984579,1.0944773,1.1786493,1.6842735,1.5663285,0.86918855,0.38812345,0.9516186,0.6699121,0.86303663,0.64852786,1.1605943,0.43259412,0.13824102,0.10732789,-0.024335565,0.111770466,0.13774869,0.06866218,-0.039068636,-0.21479024,-0.38992605,-0.44965926,-0.54387474,-0.6643095,-0.77204853,0.6343997,0.9919513,1.082131,1.3814296,1.3126265,1.1754699,0.9499193,0.59077555,0.11880468,-0.14532542,-0.22824837,-0.33957002,-0.44449964,neutral,sad,calm
-0.048202377,0.38666052,1.1941409,1.5028725,-0.09176902,0.21786368,1.1555852,0.9755532,0.92512333,1.4016278,0.12798947,0.08626391,0.6252983,0.23305506,0.31276926,0.30039585,0.63658375,0.8433037,0.9594535,0.92854625,0.94417703,0.61655843,0.5989439,0.80773175,0.95024395,0.93183863,0.4220436,0.6158771,0.6691795,1.0049804,1.1499176,1.2281518,1.2159525,1.0914763,0.78508395,0.62994516,0.67285585,0.6214218,0.52744955,fearful,fearful,fearful
-1.8583286,-0.16506413,0.04164224,-0.6654152,-1.4028728,-0.9501447,-1.2311853,0.33405155,-0.5107273,-0.9890163,1.0342551,1.5775753,-0.85693026,-2.52776,-2.8544958,0.8107073,-0.09612941,-3.698973,-1.4395096,1.2555262,0.6377404,0.34104347,0.2746928,-1.311644,-2.3971317,-0.5045852,-1.2552354,-0.7066439,1.3349776,0.15939228,-2.09885,-1.3987261,0.25830108,1.1840005,0.44298443,-0.90824425,-1.2123668,-0.12123068,-0.48211563,calm,calm,calm
0.390544,0.772589,1.1901108,1.5874486,0.6275579,1.0759941,2.228942,1.7714514,0.56589913,0.16379008,-0.014451255,0.4296279,0.8438266,-4.3471074,-2.8031662,4.63098,1.6212417,-0.3350146,0.28082234,-2.32361,-0.7906156,4.389019,4.6836324,1.5345802,0.4459883,0.64663327,-1.735591,-0.9776381,0.35373792,-1.6465443,-2.3046877,-1.8111875,-0.78750664,-0.14231764,2.555279,3.5731041,1.1639621,-0.6251472,-0.5725222,fearful,fearful,fearful
0.58621216,0.010739633,-0.129218,0.118805915,0.57504547,-0.031884335,0.69610554,0.14601928,0.82624966,0.4958436,-0.33388233,0.7600694,1.4481173,-0.16613258,-0.5493211,-1.000417,-1.2484472,-1.3880812,-1.543159,-1.5167587,-1.7131284,-1.4536012,-1.3141532,-1.42087,-1.542292,-1.6253139,0.54309595,0.8356339,0.9498113,1.4050575,1.6322907,1.7998213,1.8983731,1.8021486,1.4421304,1.3001384,1.4789381,1.5379955,1.5092398,happy,angry,fearful
-0.49428648,-0.7752535,-0.5806551,0.20460792,-0.18667723,-0.7573868,-0.7921906,0.7785517,-1.8739121,-0.97463405,1.9378211,-0.72799206,-0.999843,0.024377445,-0.13442662,-0.36128658,-0.29888675,-0.23464935,-0.21041122,-0.16452338,-0.17787814,-0.20507498,-0.117586076,0.014658171,0.10546224,0.108040914,0.14680858,0.112817705,0.024379894,0.11616221,0.15936355,0.1608126,0.04240404,-0.04942597,-0.1863879,-0.24494906,-0.21410365,-0.20071654,-0.16474673,neutral,calm,calm
-0.4152455,1.3636315,0.9716611,-0.20386574,0.73268056,1.2974803,0.9219757,-0.4575458,-0.06563276,1.5445437,-1.4776499,-3.021969,0.64508486,0.09219105,0.009145268,-0.15661201,-0.027821548,0.048168372,0.055375837,0.037115425,-0.026765307,-0.14039394,-0.104556374,-0.02064389,0.01597095,-0.025223026,-0.2552587,-0.6185792,-0.9002541,-1.1324118,-1.1993778,-1.2712926,-1.5103126,-1.5614531,-1.5077,-1.5082413,-1.6354343,-1.7486273,-1.8161863,sad,sad,sad
-0.4793102,0.5178564,0.7387236,0.40094087,0.5936975,0.41228673,0.72088826,0.47233367,-0.25556806,0.12756163,-1.4533321,-0.89848065,0.73001975,0.07317468,-0.03163678,-0.21705532,-0.11346369,-0.050686743,-0.051866606,-0.06260922,-0.12786572,-0.21260166,-0.1648,-0.08257911,-0.042595237,-0.07237989,0.051371295,-0.056622203,-0.17413373,-0.11686767,-0.04183563,0.017263623,-0.028035967,-0.029831588,-0.094131716,-0.09399271,0.008501649,0.074228734,0.13549343,sad,sad,sad
-0.6433401,1.6636587,1.5487868,1.9357429,-0.013777143,0.8972461,1.0477399,1.986211,1.110981,0.882351,-0.66714156,-1.0846926,0.75604934,-2.6524594,-2.8733053,1.7118285,1.9427282,-2.461039,-2.7656658,-2.1477447,-2.2690437,0.8648341,2.776678,2.5607986,2.4271557,2.4003205,-1.0900639,-0.86207104,0.36849478,-1.3926349,-2.8809168,-0.57240826,0.4122987,-0.77919537,-0.879051,-0.5077175,0.22215854,1.1428411,1.2945446,calm,calm,calm
0.0737932,0.96762913,-0.4014323,0.95081776,0.6685523,-0.2619637,0.92934424,-1.0781358,-0.98079455,0.759237,0.72604215,-1.8757113,0.52318585,0.1209741,0.067067854,-0.08592987,0.044021674,0.10092926,0.09304834,0.07125901,0.021672592,-0.094056726,-0.06651535,-0.007877102,-0.035995085,-0.16410922,-0.19730166,-0.49025723,-0.6575334,-0.6495932,-0.48935536,-0.34658244,-0.3585058,-0.3318474,-0.3469737,-0.29326367,-0.1061471,0.12369878,0.37838313,neutral,calm,sad
0.20216061,-0.0015061197,-0.006227644,0.99551344,1.1014712,0.7901568,-0.67862815,-0.06253547,0.7898748,-0.5773191,0.63544995,0.6079267,-0.15477718,0.5160014,0.8796953,0.9762829,1.2572429,1.1127815,0.7632158,0.33114004,-0.0064297486,-0.23371966,-0.18093196,0.007842358,0.2635875,0.5012878,-0.09703896,-0.30090427,-0.40609506,-0.32634073,-0.20810752,-0.1643166,-0.30556205,-0.43626466,-0.57892114,-0.6218182,-0.5294202,-0.33394253,-0.08472617,angry,angry,angry
-1.1668211,1.4609916,0.7976217,0.969222,2.6101744,1.0058461,0.81238145,-0.15938824,1.6141076,1.9785655,1.7426511,2.0709255,0.84901506,1.6841866,2.6622956,2.2311502,3.1802738,3.5706358,2.1830685,1.6831957,2.4833457,1.3155591,0.98164266,1.7438936,1.2033287,0.4849723,1.7651155,3.1130118,2.3807073,-0.053668413,-0.5838399,0.54086,0.50793415,0.4321716,0.47465256,0.8979334,1.8084292,1.6760722,0.7627687,happy,happy,sad
-1.6287496,-1.0876604,-0.31567067,0.17365465,-1.6677428,-1.0089017,-1.3498532,-1.2119317,-0.38193795,-1.3830423,0.31429374,0.0255932,-1.466142,0.07815494,-0.021462636,-0.20425807,-0.100566395,-0.043890134,-0.055094596,-0.07670824,-0.1541065,-0.23990464,-0.19429131,-0.118776985,-0.08066077,-0.1037057,0.046082873,-0.06577064,-0.18391442,-0.12617765,-0.046320967,0.019565266,-0.01741402,-0.01196808,-0.073219106,-0.07103074,0.03458344,0.09930803,0.15534523,fearful,sad,sad
0.13047042,1.0329597,-0.59784657,-0.39362037,0.5714973,0.49701554,0.038192905,0.980137,0.13717078,0.19519764,-0.89031,1.0962747,1.1637725,0.4764541,0.616949,0.057249386,-0.5070372,-0.74546754,-0.34294397,0.46603662,0.8626813,0.027935952,-0.9022378,-1.6376394,-1.5144875,-0.5241109,0.77111906,0.7639683,-0.42662522,-1.7748985,-2.13747,-1.3224348,0.22429961,1.2539209,0.20529532,-1.7163076,-3.2240515,-3.204779,-1.9649446,angry,happy,angry
-0.24233565,1.0156139,2.0377946,1.2315642,-0.039476488,0.66801786,1.2793837,0.44433516,0.34174883,0.9579192,-0.09108741,-1.3597219,0.5104891,0.36391732,0.59469795,0.724364,1.2529182,1.5829755,1.8073272,1.7781558,1.894484,1.386733,1.3528509,1.7547481,2.1025517,2.2164426,0.1388875,0.10228215,0.025469834,0.14956644,0.2429464,0.30968496,0.2776861,0.25368437,0.13844699,0.11156215,0.21911773,0.2804316,0.33130893,sad,neutral,sad
0.74025756,1.1114997,0.50332046,-1.116375,0.75080705,0.4995509,0.18348919,-1.8280946,0.6762009,1.028837,-2.1049285,-1.3293779,1.8984382,0.07317182,-0.03163575,-0.21705534,-0.11346326,-0.050687257,-0.051867012,-0.062608816,-0.12786548,-0.21260186,-0.16480087,-0.08258001,-0.042596314,-0.07237946,0.051358614,-0.056623373,-0.17413336,-0.1168684,-0.04183709,0.01726154,-0.028036756,-0.029831838,-0.094131105,-0.093991,0.008503356,0.07422951,0.13549493,happy,happy,happy
1.5538857,-0.4836513,-0.5461517,-0.92338216,-0.3348062,0.031782463,0.2630945,0.18493345,0.57123506,-0.06944802,0.10725968,1.7104391,0.1293478,0.09917108,0.02468269,-0.13099334,0.014827177,0.10827396,0.13701537,0.13375117,0.099503,-0.022742124,0.025438443,0.16022812,0.25539824,0.26051193,0.017486613,-0.11899114,-0.25575048,-0.233427,-0.17856206,-0.14049338,-0.21731183,-0.2348323,-0.29314053,-0.30380765,-0.24853647,-0.22566256,-0.20126301,angry,angry,angry
-0.6283508,-0.8183981,-0.8428661,-0.49898064,-0.6084916,-1.0182678,-0.8063284,0.2913823,-1.4349598,-1.2215302,1.0139077,-0.1709221,-1.1365184,0.10423754,0.033756282,-0.12560953,0.0029957646,0.06210229,0.03937942,-0.014661571,-0.1261272,-0.25319567,-0.24282522,-0.22197956,-0.25151774,-0.33493575,0.04651826,-0.06501731,-0.18306059,-0.1251639,-0.045242205,0.02100478,-0.014947781,-0.007940519,-0.06756978,-0.0630222,0.04680668,0.11581127,0.17527491,neutral,calm,sad
1.3957745,-0.7456665,-0.9763847,-1.4690114,0.11214553,-0.5981575,-1.3475853,-1.3205367,-0.8330803,-2.089428,-0.20754482,-0.1502258,-0.66840094,0.0498185,-0.08204446,-0.29327312,-0.2251588,-0.18596745,-0.208253,-0.2202261,-0.30439678,-0.3550343,-0.30271733,-0.25289842,-0.24529783,-0.29265374,-0.14865856,-0.42276078,-0.6455038,-0.7721943,-0.78274125,-0.7992322,-0.9563136,-0.9765048,-0.95553744,-0.94306374,-0.9634968,-0.9871547,-0.98389524,fearful,sad,happy
-0.73115265,-0.6661225,-0.9245195,-0.5647514,-1.4877383,-1.8838019,-0.5018463,0.6492642,-2.2372878,-1.4451003,0.9793137,-0.71762335,-1.732309,0.062034793,-0.047749285,-0.20989354,-0.044947967,0.091810994,0.14546952,0.12195865,0.015495319,-0.17065874,-0.19784279,-0.19573033,-0.22667432,-0.28581843,-0.12419801,-0.37791544,-0.58287567,-0.655129,-0.569109,-0.40709674,-0.2576175,0.04741163,0.2729789,0.53352684,0.95900816,1.2572168,1.4122721,calm,calm,calm
0.9780416,0.7919563,-0.027984144,-0.09030609,0.10832498,0.8663143,1.045939,-0.5625449,-0.29232493,0.27278802,-1.6031322,-1.8063631,0.45823503,-1.3330454,-2.1990519,-0.81234735,1.4504921,1.1918383,-1.1403375,-1.8351412,0.29918745,2.7151046,3.6292765,3.3919373,1.6245992,0.15992056,-0.02559802,-0.3890761,-0.985997,-1.1321185,-0.1904615,1.076005,1.8401858,1.8197287,1.2258157,0.61196274,-0.15319833,-0.9901887,-1.0243689,fearful,fearful,happy
-0.53390235,-1.0502061,0.033811886,-0.8565601,-0.066884704,-0.36703503,-1.2977169,0.21384646,-0.69925165,0.03189947,1.5192188,-0.6068127,-1.1084241,0.07318006,-0.031635173,-0.21705493,-0.11346355,-0.050687436,-0.05186638,-0.06261063,-0.12786624,-0.21260025,-0.16479956,-0.08257955,-0.042595237,-0.07238028,0.05135046,-0.056622982,-0.17413317,-0.1168682,-0.041836407,0.01726402,-0.028036518,-0.029832354,-0.09413245,-0.093992114,0.008500398,0.074228734,0.1354945,happy,happy,happy
-0.70959586,0.70035756,1.3378646,1.7442343,0.16197701,0.8766642,-0.07888701,-0.29020208,0.66374516,1.8229985,0.16980368,1.1627562,0.93182385,-0.2672232,-0.76376665,-1.3124822,-1.6921052,-1.9212885,-2.1596577,-2.12882,-2.377275,-1.9779031,-1.8298854,-2.088955,-2.3752275,-2.5486226,-0.3721526,-0.8101084,-1.0640061,-1.1844018,-1.0160259,-0.7874493,-0.6616173,-0.44893336,-0.3469609,-0.30542922,-0.2909533,-0.40809044,-0.6021758,fearful,fearful,calm
-0.603042,-1.0091639,-0.58326095,-0.6477243,-1.2793006,-1.187399,-1.1595521,0.5743857,-1.4014347,-1.1065527,0.45169938,-1.1650918,-1.1529449,0.043123532,-0.093628556,-0.29831123,-0.20450468,-0.118757166,-0.07658363,-0.03189192,-0.033823524,-0.0939215,-0.016775925,0.12686114,0.21754962,0.19737364,0.091694616,0.014117273,-0.094496004,-0.031230727,0.018541066,0.03795875,-0.05886229,-0.114471324,-0.21355835,-0.24413002,-0.18661177,-0.14680651,-0.08678175,sad,sad,sad
-0.10426418,1.1019591,0.29217133,0.799322,0.7930134,1.0294665,0.28523153,0.084865935,0.4972092,0.22901946,-0.3170875,0.74949455,0.5068527,-0.0046747113,-0.19959474,-0.47055095,-0.48382306,-0.49734375,-0.56538737,-0.5767038,-0.6990839,-0.66924715,-0.60234505,-0.616571,-0.6698211,-0.7441768,0.07829218,-0.007432242,-0.11109351,-0.029895043,0.05544344,0.12297434,0.09008118,0.088144876,0.0106262,0.0063824314,0.119735435,0.19129018,0.25389817,sad,neutral,angry
1.6451874,-0.8408193,-0.48591214,-1.4492797,-1.6537803,-0.20464528,-0.6117789,-0.8401459,-0.19481924,-0.9214286,-0.6735543,0.9134661,0.09319745,0.53375036,0.94311494,1.1736736,1.7441647,1.9436581,1.9566196,1.6952422,1.603554,1.0480489,0.971783,1.2605877,1.5137105,1.5842375,1.1626225,1.9227757,2.175116,2.7391808,2.6451013,2.377924,2.0493517,1.599079,1.0745649,0.8663185,0.9879592,1.0760851,1.1449074,fearful,fearful,fearful
-1.1759253,0.84115714,1.4600383,1.0293554,0.90433437,0.5463815,1.8073161,0.18704854,-0.7227876,-0.15992154,-1.100881,-0.48964632,0.8127034,0.0731649,-0.03163575,-0.21705419,-0.11346243,-0.050687436,-0.051867392,-0.062608816,-0.12786505,-0.2126012,-0.16480045,-0.08257869,-0.042595237,-0.072380446,0.05137873,-0.056623697,-0.17413217,-0.116867885,-0.041835833,0.01726273,-0.028036226,-0.029832391,-0.09413148,-0.09399186,0.008501103,0.07422943,0.13549416,sad,sad,sad
1.9464337,0.5681916,-0.85825443,0.335128,-0.026908953,0.23341697,0.4292118,-0.65669304,-0.004523914,0.69592893,-1.0624139,-0.54492426,0.7943631,-3.0063148,-3.5540547,1.2842139,3.4222271,0.8550327,-1.0715258,-1.6726592,0.35414773,2.7459993,1.772874,-0.90726715,-0.24231721,3.1343307,-0.3494375,-0.48450744,0.27941152,0.5592963,-0.46562424,-0.62065554,-1.5959276,-1.1369356,1.6940671,2.002157,0.70279735,1.1780502,1.6043129,angry,happy,happy
-1.688164,1.3768529,1.214652,-0.24528717,0.12334867,0.5114663,0.77099085,-0.5628429,-0.39939758,-0.009867089,0.45713186,-0.013859609,-0.26406625,0.31622112,0.4343443,0.26839757,0.2419293,0.07376672,-0.05028699,-0.043773938,-0.013773171,-0.05302171,0.013763196,0.10382147,0.082154065,-0.044638585,-0.06467433,-0.23180488,-0.31465146,-0.29475403,-0.39690676,-0.6060189,-0.85629123,-0.76333815,-0.52379566,-0.2649012,0.052262485,0.31171227,0.49453416,neutral,calm,sad
0.18337199,-1.2390571,-0.43473956,-0.427256,-1.1337718,-1.0043112,-0.46857518,-0.42908332,0.036973238,0.5693626,0.29827112,0.007280963,-1.0357847,0.07316566,-0.03163575,-0.21705514,-0.11346294,-0.050687205,-0.05186639,-0.062608816,-0.127865,-0.21260147,-0.16480094,-0.08257955,-0.042595237,-0.07237931,0.05136422,-0.056621786,-0.1741316,-0.116867915,-0.041835394,0.017262477,-0.028036643,-0.029832937,-0.09413168,-0.09399301,0.008501798,0.07422943,0.13549305,happy,fearful,angry
0.7982757,-0.9982074,0.07667074,-0.5878672,-0.67545414,-1.0877979,-0.62748706,-0.59617066,-0.50783926,-2.1352649,-1.3154609,-0.26523176,-0.39990142,0.14260304,0.103456415,-0.02907321,0.13787535,0.2734923,0.3741697,0.36336365,0.3352522,0.09825097,0.13596086,0.3093519,0.4770136,0.5196295,-0.08145968,-0.23845717,-0.33976406,-0.2665282,-0.28650934,-0.42515326,-0.5410864,-0.49986026,-0.30382177,-0.30004442,-0.32519564,-0.4866579,-0.5544918,calm,sad,sad
1.2127733,-1.7833376,-0.7726262,-0.4474003,-0.925974,-0.8606949,-0.8293347,0.57467,-0.9438458,-0.6939786,0.74856687,-0.33301324,-1.2815838,0.07317397,-0.031636912,-0.21705581,-0.11346161,-0.05068763,-0.051866267,-0.06261065,-0.12786587,-0.21260105,-0.16480036,-0.08257881,-0.042595834,-0.07237802,0.05133575,-0.056622412,-0.17413083,-0.11686758,-0.041835308,0.017262612,-0.028035346,-0.029832803,-0.09413177,-0.093991295,0.008503383,0.07423082,0.13549389,fearful,angry,angry
-0.62548566,-0.2924455,-0.57880247,-1.0821415,-1.1049812,-2.1857705,-0.40705362,1.5198607,-1.169686,-1.0797174,0.9664367,-0.8195989,-1.0643389,0.0731779,-0.03163575,-0.21705525,-0.11346378,-0.050687436,-0.051866286,-0.062609464,-0.12786548,-0.21260118,-0.16480094,-0.08258044,-0.042595346,-0.07237931,0.051356662,-0.056623284,-0.17413276,-0.116868004,-0.041835174,0.017264418,-0.028036019,-0.02983292,-0.09413155,-0.093992464,0.008501705,0.07422918,0.13549359,calm,calm,calm
0.9303548,0.5767589,-0.43132132,0.81906754,0.6874314,1.3827326,0.12118666,-0.35178337,1.3424724,0.08978127,-0.28950498,1.1450686,0.30747166,-0.3268864,-0.8898261,-1.490792,-1.9238144,-2.1529212,-2.3571563,-2.2455812,-2.4064567,-1.9153053,-1.6857483,-1.813022,-1.9430712,-1.9869955,0.6958466,1.1090852,1.2736597,1.7775452,1.9225008,1.9482856,1.8713028,1.5884421,1.0858681,0.78993285,0.722734,0.56284857,0.38623545,fearful,fearful,angry
0.6795292,-0.13462433,0.81700385,1.0359011,0.4211365,-0.26166433,0.8095843,0.9719001,1.6237965,1.3783615,0.78432095,-0.61872363,0.6102127,0.17379124,0.18533318,0.11007922,0.3636804,0.5234019,0.6061726,0.5937403,0.5982441,0.3649608,0.38546702,0.5847378,0.73577905,0.7549713,-0.062821336,-0.26563713,-0.44299406,-0.49012944,-0.46301174,-0.44571057,-0.5527688,-0.5630131,-0.57724905,-0.5679241,-0.5311572,-0.5115955,-0.4783755,angry,angry,angry
-0.57588613,-1.4348278,0.45100588,-0.8722785,-0.41375113,-0.35284287,-1.5214655,1.9507554,-0.98697406,-0.80307543,1.6883862,0.3313905,-0.35957068,0.05463705,-0.07161423,-0.27736637,-0.20152135,-0.15679015,-0.17372642,-0.18446948,-0.26312393,-0.32063285,-0.2682503,-0.20881613,-0.19095325,-0.2315095,-0.21513677,-0.54435676,-0.8017109,-0.988581,-1.0261829,-1.0658603,-1.2572429,-1.2808753,-1.2300085,-1.2110306,-1.2672606,-1.3156158,-1.3270615,neutral,sad,sad
