mfcc_0,mfcc_1,mfcc_2,mfcc_3,mfcc_4,mfcc_5,mfcc_6,mfcc_7,mfcc_8,mfcc_9,mfcc_10,mfcc_11,mfcc_12,true_label,svm_pred,rf_pred,svm_accuracy_percent,rf_accuracy_percent
-574.4921,96.67077,1.5250182,17.199566,-5.833822,8.4184,-4.80993,0.9575241,-5.1036105,-5.370411,-8.247876,-5.2875266,2.5987809,happy,sad,happy,34.97536945812808,66.50246305418719
-600.89886,55.296764,-16.391743,2.1365664,-3.0827005,1.1132102,-24.487064,-1.7875407,-10.971473,-10.204902,-0.34364,-6.5820704,-9.399393,happy,sad,happy,34.97536945812808,66.50246305418719
-536.3226,64.46743,-30.270605,5.830445,-18.71631,-3.8016167,-25.033598,-8.786464,-3.5581098,-13.327172,-23.860506,-8.08935,-0.31842205,sad,happy,sad,34.97536945812808,66.50246305418719
-680.71484,88.85063,5.6581116,22.883959,8.851362,9.183566,-4.0065155,3.875123,1.488182,-1.4849343,-4.20228,0.6076543,3.0495918,happy,calm,calm,34.97536945812808,66.50246305418719
-557.9655,55.171436,-16.838392,6.0082164,-23.996368,-5.973472,-20.184883,-4.3529763,-7.973376,-16.700066,-18.405928,-5.598317,-7.2728324,calm,happy,sad,34.97536945812808,66.50246305418719
-542.49445,49.545162,-25.916288,-0.14030688,1.0243856,1.23169,-23.385908,-1.6846546,-3.4035187,-15.387866,-4.1190505,-2.8158553,-6.219463,happy,happy,happy,34.97536945812808,66.50246305418719
-625.88885,108.72007,-4.5473957,13.695853,12.093321,10.357951,-7.9638195,3.3961155,1.845171,-5.012071,-5.0598145,3.0219364,-0.084779575,neutral,calm,calm,34.97536945812808,66.50246305418719
-566.43353,70.81071,-6.0322895,15.8907995,-0.56492007,12.20526,-10.905786,-2.3613625,-5.352549,1.8435696,-7.778152,-3.1385653,1.8927472,fearful,fearful,fearful,34.97536945812808,66.50246305418719
-500.02084,66.06445,-45.378708,6.342874,-4.5834684,-2.2081246,-23.283794,2.0462222,-15.616326,-15.360011,4.658891,-3.011602,-8.344068,fearful,angry,happy,34.97536945812808,66.50246305418719
-471.67352,49.983585,-31.02191,2.0167067,-4.8695245,-6.0516086,-21.160133,1.2754947,-9.981423,-17.233498,-4.101712,-3.7837603,-11.348857,angry,angry,happy,34.97536945812808,66.50246305418719
-476.77048,97.77069,-20.129778,8.39303,7.532921,3.3269486,-10.862841,-7.337664,-9.609012,-8.533701,-9.126605,-10.092102,-1.3316274,sad,angry,happy,34.97536945812808,66.50246305418719
-614.912,57.14505,-14.852186,10.708264,-17.544771,-6.0614104,-13.800624,-4.8058157,-13.97102,-9.206311,-6.2086425,-6.2128344,-6.2404194,fearful,calm,fearful,34.97536945812808,66.50246305418719
-613.6419,69.30627,-12.994851,6.157529,-2.5939326,3.467524,-20.200098,-9.532079,-13.911908,-15.946803,-8.094478,0.99528474,-10.8309,sad,calm,sad,34.97536945812808,66.50246305418719
-510.38205,45.149242,-19.048569,3.3053486,-6.270822,-4.3255873,-18.943386,0.28197858,-12.210245,-14.560124,-6.5006204,-7.2233186,-10.088333,fearful,angry,fearful,34.97536945812808,66.50246305418719
-538.49146,98.33012,0.16226667,5.409537,-0.730294,10.395095,-12.966914,-4.7621093,-5.7093277,-5.3000245,-18.695644,-11.305067,6.947001,calm,happy,calm,34.97536945812808,66.50246305418719
-536.217,75.62789,-20.32979,13.862176,1.2597877,3.6099484,-7.805786,-1.5646411,-8.106186,-7.156404,-9.146096,-7.6762023,4.02342,happy,happy,happy,34.97536945812808,66.50246305418719
-491.10248,81.73055,-18.159483,11.993347,-0.97778404,7.8954144,-7.715944,-7.5619287,-9.253278,-5.382776,-11.811657,-10.842662,1.8601527,happy,angry,happy,34.97536945812808,66.50246305418719
-574.91486,88.777245,-18.899523,11.786403,0.26843277,7.8527236,-8.55393,-7.062223,-8.857667,-5.486131,-14.809404,-8.733143,5.018006,happy,sad,happy,34.97536945812808,66.50246305418719
-501.17807,51.94045,-27.606468,8.24241,-16.467056,2.1018667,-19.569218,-7.978705,-10.363756,-12.394137,-16.912304,-5.934199,-2.6080954,fearful,angry,fearful,34.97536945812808,66.50246305418719
-377.6627,54.83611,-27.251537,0.44630396,-0.19930564,-2.4142878,-21.837656,-3.709476,-10.341353,-16.497698,-9.677812,-5.821338,-7.246982,angry,angry,angry,34.97536945812808,66.50246305418719
-656.5146,99.57675,-1.8104328,15.185943,0.27748507,5.954176,-5.4134693,-9.328154,-9.080938,-4.8635445,-11.24117,-4.211245,6.013966,calm,calm,calm,34.97536945812808,66.50246305418719
-463.38412,41.32618,-39.92676,1.0837792,-15.259601,-7.1485515,-22.729218,-5.9520626,-11.40765,-15.463243,-3.0853229,-4.2276144,-12.495645,happy,angry,happy,34.97536945812808,66.50246305418719
-693.55096,99.02215,-0.44152597,19.592743,6.5853767,11.423466,-14.856368,-7.0640683,-8.550151,-8.267157,0.34686407,-3.5475688,-4.084993,calm,calm,calm,34.97536945812808,66.50246305418719
-648.2908,103.584595,-7.0000334,15.280546,18.319122,12.741205,-9.1683655,-3.7361598,0.23964569,1.4718287,0.7748759,3.7298954,2.3543828,happy,calm,calm,34.97536945812808,66.50246305418719
-574.2386,63.087517,-27.702593,-2.2407253,-16.307268,-9.234616,-20.16756,-9.406475,-8.45535,-13.316745,-8.815106,-3.630874,-11.329022,happy,sad,happy,34.97536945812808,66.50246305418719
-600.6165,65.064606,-22.673506,1.7375423,-12.696935,-12.857446,-16.881628,2.8224144,-16.156363,-13.462729,-4.0312533,-6.32894,-11.398198,calm,sad,calm,34.97536945812808,66.50246305418719
-517.7508,97.18777,-20.808321,14.672826,4.6919374,5.404431,-6.416144,-6.004516,-8.901831,-4.4078736,-8.307641,-11.535256,4.61778,sad,happy,happy,34.97536945812808,66.50246305418719
-698.3063,53.642006,-12.720428,4.562699,-10.474761,0.2535488,-19.14966,3.8746014,-12.868059,-9.72105,-3.3470004,-7.1194835,-7.5408616,calm,calm,calm,34.97536945812808,66.50246305418719
-463.53577,107.77569,-26.621225,6.905399,-5.010438,4.940234,-5.4183497,-2.8729503,-12.806695,-8.481283,-11.43635,-12.749347,1.216671,happy,angry,happy,34.97536945812808,66.50246305418719
-602.9395,64.582054,-3.055043,11.539188,-3.7257767,7.6158776,-21.350628,-4.4285793,-15.9477005,-13.402174,-10.154504,0.2172468,-9.185789,sad,sad,fearful,34.97536945812808,66.50246305418719
-543.55835,85.23486,-3.097429,13.000667,8.072883,22.307518,-1.6938512,-3.7350824,-7.9961095,-2.908238,-6.779764,-4.002036,0.05805742,fearful,happy,fearful,34.97536945812808,66.50246305418719
-668.97107,77.94265,-26.179235,5.295237,-9.158493,-4.800129,-22.128357,-0.55100834,-9.328672,-19.706617,-0.41406548,1.9222666,-6.097179,calm,calm,calm,34.97536945812808,66.50246305418719
-530.4427,95.50329,-15.172392,5.398223,5.3827777,7.266758,-26.281788,-4.066837,1.0424491,-4.058634,-6.713446,-1.133927,2.3133538,angry,happy,angry,34.97536945812808,66.50246305418719
-516.2821,60.212337,-24.162064,3.6887195,-3.341804,2.963705,-26.411943,-8.753459,-12.554589,-16.110071,-10.688036,0.26100045,-10.722582,fearful,happy,fearful,34.97536945812808,66.50246305418719
-449.8012,99.91218,-19.648554,15.463354,4.040631,10.443593,-2.8709104,-2.6900551,-11.572663,-4.858124,-5.519507,-11.684965,4.764804,sad,angry,fearful,34.97536945812808,66.50246305418719
-539.8473,48.573772,-18.255817,7.956928,-2.0938156,1.930474,-21.33494,6.1153054,-4.1754403,-13.072965,-3.039944,-2.8701255,-6.286741,angry,happy,angry,34.97536945812808,66.50246305418719
-618.65485,66.5083,-22.021132,4.1380615,-18.65391,-11.718859,-20.823599,-6.6582,-7.0021,-14.38729,-7.4328732,-10.098384,-7.062638,calm,calm,sad,34.97536945812808,66.50246305418719
-559.5058,101.37118,-9.83606,18.04852,0.8736225,7.254882,-3.0702283,-4.5379133,-8.575913,-2.2213435,-7.528996,-10.0694,7.2634115,calm,happy,calm,34.97536945812808,66.50246305418719
-524.25714,62.138794,-40.412136,-8.508544,-2.4446476,-5.9799175,-27.29078,-5.027482,-10.847278,-17.142887,1.146325,-2.73335,-10.250469,happy,happy,happy,34.97536945812808,66.50246305418719
-417.18356,45.3299,-30.982048,3.240754,-11.425189,-3.5291543,-19.105831,-7.777111,-7.802753,-13.420631,-15.043174,-2.8163874,-4.135988,angry,angry,angry,34.97536945812808,66.50246305418719
-495.1851,79.37587,-14.849899,0.29786366,-5.0877047,7.032737,-11.114915,-5.990058,-8.552013,-7.266541,-8.1405115,-3.3698468,-1.3930731,fearful,angry,angry,34.97536945812808,66.50246305418719
-623.7967,56.6078,-25.820448,4.1267204,-15.747285,-8.96073,-18.116756,-11.250157,-12.011411,-11.805969,-8.5361395,-6.8997493,-9.374485,calm,calm,neutral,34.97536945812808,66.50246305418719
-688.70776,104.49518,-7.8387256,18.201189,0.9814828,7.1377625,-3.3418398,-8.830411,-10.160542,-4.4782143,-9.626965,-6.6559215,6.621854,calm,calm,calm,34.97536945812808,66.50246305418719
-583.8719,83.85993,-21.835894,15.304472,-0.78344125,7.090073,-7.270566,-5.524991,-11.093418,-5.958714,-12.73271,-9.549504,4.0864763,happy,sad,happy,34.97536945812808,66.50246305418719
-645.5482,65.38457,-18.026815,4.2853103,-17.232876,-9.093829,-16.651834,-8.929645,-10.660678,-13.207503,-10.324364,-6.990049,-5.895792,neutral,calm,fearful,34.97536945812808,66.50246305418719
-573.94147,56.360813,-16.331476,7.468089,-3.279497,2.6806629,-22.611824,-5.238428,-9.457528,-11.5221195,-6.745627,0.49060622,-9.802938,happy,sad,happy,34.97536945812808,66.50246305418719
-446.546,47.47881,-27.810396,3.3594146,-7.9501348,-3.4514503,-16.063026,2.462381,-9.96334,-13.420254,-4.7453666,-5.407779,-7.067451,fearful,angry,angry,34.97536945812808,66.50246305418719
-451.90158,84.02119,-15.448691,2.6401322,4.2979193,8.46309,-8.97003,2.7573955,-1.0845845,-9.31688,-7.390012,-0.044552267,5.4052725,happy,angry,angry,34.97536945812808,66.50246305418719
-649.35474,48.15471,-17.424458,6.5825686,-9.450251,-2.1370604,-23.716505,-0.8969608,-16.115654,-13.851491,-1.7372087,-11.176607,-7.0844293,sad,calm,calm,34.97536945812808,66.50246305418719
-617.1772,48.267105,-6.8826528,7.541473,-5.6419463,3.3140244,-23.92771,9.979858,-5.688053,-15.256555,-1.1213746,-3.2162113,-10.015966,sad,calm,calm,34.97536945812808,66.50246305418719
-614.9446,92.723854,-7.911061,14.825467,4.2470555,19.608196,-4.319634,-3.1464925,-10.061569,-6.229141,-4.370279,-2.6560206,-5.554868,fearful,calm,calm,34.97536945812808,66.50246305418719
-615.7868,63.251698,-23.121082,0.584447,-18.859571,-9.9352865,-23.936205,-6.4932637,-9.691162,-16.72442,-8.604913,-5.1764045,-11.197818,calm,calm,sad,34.97536945812808,66.50246305418719
-576.567,52.345547,-21.246758,3.3018794,-7.3286014,-5.398639,-20.457092,4.2643547,-16.022133,-11.849949,-2.0291464,-6.723257,-6.3902345,angry,sad,angry,34.97536945812808,66.50246305418719
-571.9876,106.68827,-18.141506,3.567165,8.095666,12.172393,-22.231295,-11.796448,-1.7551165,-3.3748243,-11.00498,-5.5076385,-6.5178437,happy,happy,happy,34.97536945812808,66.50246305418719
-664.5264,94.57647,-2.5408845,9.965523,5.857634,7.8391,-4.6385684,-6.7641377,-9.21597,-2.4846969,-7.086541,-6.6664543,5.18513,sad,calm,sad,34.97536945812808,66.50246305418719
-573.2819,63.30047,-27.27591,-1.7512264,-8.80848,-1.6823945,-19.362461,-7.184048,-12.385348,-22.681992,-9.854649,-0.9291869,-9.497713,calm,happy,calm,34.97536945812808,66.50246305418719
-652.03296,46.64079,-16.243773,1.8911432,-3.3265822,-5.1045876,-21.835651,5.6161733,-19.238428,-9.113153,-5.2682586,-7.9058604,-4.4514923,neutral,calm,neutral,34.97536945812808,66.50246305418719
-534.5885,77.03675,-14.540428,2.5286002,3.5882182,16.10615,-7.5103583,-5.031021,-3.0457413,-7.2480597,-10.263737,-4.0824804,-3.0010424,angry,happy,angry,34.97536945812808,66.50246305418719
-508.26337,80.07906,-19.792006,14.761261,-0.068943076,6.2106957,-15.122687,0.2403202,-4.9570246,-5.0928802,-9.11955,-4.366463,-0.21820106,angry,angry,angry,34.97536945812808,66.50246305418719
-515.16064,54.347576,-13.566668,8.408081,3.0373695,-0.08404194,-16.827995,8.27685,-0.4673561,-9.368718,-3.2492945,-0.8830209,-4.0868793,angry,angry,angry,34.97536945812808,66.50246305418719
-588.7344,69.26884,-20.367327,1.6851704,-14.9231825,-15.66086,-16.98419,3.4715457,-13.872578,-16.505941,-4.6048546,-8.4622,-11.205894,calm,sad,sad,34.97536945812808,66.50246305418719
-525.31366,79.755745,-14.675842,12.153603,-0.20034158,10.208593,-9.246405,-11.124296,-2.432459,-2.9817355,-18.72151,-6.7519965,4.2283297,fearful,happy,fearful,34.97536945812808,66.50246305418719
-553.3804,84.497536,-1.9763738,12.386484,-0.16826619,5.5574765,-8.586687,2.6990693,-4.3589087,-4.314126,-5.820261,-5.477423,1.7036387,angry,happy,fearful,34.97536945812808,66.50246305418719
-502.52536,86.998314,-22.844164,8.003024,0.6298246,18.374279,-13.987278,-7.0868535,-4.456882,-10.340735,-9.033975,-3.9742818,6.81486,happy,angry,happy,34.97536945812808,66.50246305418719
-627.65765,92.44029,0.52631277,21.088789,9.665769,9.756459,-6.569707,2.9729888,2.1416385,-3.497637,-3.807651,-0.27702466,-0.71334463,calm,calm,calm,34.97536945812808,66.50246305418719
-605.37976,64.51484,-12.24369,1.1550468,-4.096352,2.382988,-25.745451,-2.3972192,-15.921528,-15.520462,-6.0237484,0.33706614,-11.382126,calm,sad,calm,34.97536945812808,66.50246305418719
-670.4938,90.86025,-7.2592754,18.66668,1.3614188,10.087776,-4.7463484,-7.4224215,-8.894903,-3.311655,-9.090211,-6.4593825,6.6478944,fearful,calm,calm,34.97536945812808,66.50246305418719
-588.37976,60.79551,-12.937751,2.2643883,-3.131889,0.39626646,-23.752666,-4.692268,-17.829489,-14.642085,-3.2749176,-0.7485452,-11.04679,calm,sad,calm,34.97536945812808,66.50246305418719
-531.104,101.95826,-13.916262,3.68787,2.0160027,10.953322,-7.8204255,2.5533235,-3.0983565,-13.4138775,-11.368306,-1.8226037,5.3817835,happy,happy,happy,34.97536945812808,66.50246305418719
-700.0697,72.31716,-16.295462,3.5126364,-13.763294,-3.8255973,-24.004065,-1.1599625,-10.057837,-16.328684,-2.7713957,1.8300052,-7.8892555,calm,calm,calm,34.97536945812808,66.50246305418719
-525.6611,61.404926,-17.89767,2.8436737,3.6914523,1.9567069,-18.689844,-2.4898968,-6.637092,-11.945139,-7.3847537,1.7446697,-5.8393993,angry,happy,angry,34.97536945812808,66.50246305418719
-609.12836,65.82598,-30.521576,2.4090035,-9.595013,-4.870754,-18.128517,-7.104194,-10.971662,-18.629282,-11.709243,-2.36646,-9.937145,calm,sad,calm,34.97536945812808,66.50246305418719
-549.0591,86.070496,-6.1596704,23.729548,-6.554328,7.5765815,-7.6301885,3.1114624,-6.709749,-5.787486,-4.904484,-8.723113,2.7489293,fearful,happy,fearful,34.97536945812808,66.50246305418719
-470.22543,51.334103,-29.509193,4.2880325,-7.2097964,-11.146082,-21.751158,2.2246299,-13.905227,-14.759708,-0.81373245,-8.223499,-8.60567,angry,angry,angry,34.97536945812808,66.50246305418719
-635.08746,86.77114,-6.30102,11.583754,4.5579143,9.30005,-12.063207,-1.9172724,-8.079914,-8.543027,-14.700941,-10.53583,0.48279187,sad,calm,sad,34.97536945812808,66.50246305418719
-459.45712,84.45389,-13.283316,12.105884,1.0026495,12.294737,-2.6410863,2.6096628,-2.3356497,-6.1966662,-7.242584,-2.1465528,2.312804,fearful,angry,angry,34.97536945812808,66.50246305418719
-645.8685,62.60602,-28.625942,7.180569,-18.431784,-12.615358,-19.856104,-4.1723366,-7.6662564,-25.012896,-9.51096,-3.4952695,-10.103739,calm,calm,sad,34.97536945812808,66.50246305418719
-647.2763,62.96661,-13.783625,6.372643,-15.186344,-12.044056,-19.1737,-7.163725,-9.408465,-14.883981,-9.031363,-8.152999,-9.97547,sad,calm,sad,34.97536945812808,66.50246305418719
-447.31088,83.40015,-18.213036,6.5952153,2.9446073,12.47224,-11.144501,1.9631876,1.6540803,-10.320182,-8.869399,4.27229,1.4749236,angry,angry,angry,34.97536945812808,66.50246305418719
-614.5449,65.82004,-26.868645,3.0916615,-10.10311,-5.292367,-22.346556,-0.30379573,-18.676071,-19.508669,-5.407356,-6.9212193,-9.21558,sad,calm,calm,34.97536945812808,66.50246305418719
-600.2767,86.615326,3.0568407,17.221891,3.127187,11.465656,-4.985075,5.3010664,-5.9978013,-3.1016846,-7.236561,-2.7849545,1.5526462,neutral,calm,neutral,34.97536945812808,66.50246305418719
-595.5643,99.75746,-6.861432,7.5618486,4.3258233,22.478857,-10.130102,-0.03172243,-3.033259,-6.324815,-7.3790307,-7.388924,2.538898,sad,sad,sad,34.97536945812808,66.50246305418719
-508.3589,47.47406,-19.477783,6.093185,-15.373374,-0.29598472,-20.403685,-3.8411124,-9.626977,-13.222408,-13.804674,-3.2249498,-7.046718,angry,angry,angry,34.97536945812808,66.50246305418719
-666.3153,117.32998,-3.0809252,17.541023,15.331135,5.4082036,-15.883839,-10.01001,3.606819,-7.368256,-4.946023,-0.24758868,-2.5583296,calm,calm,calm,34.97536945812808,66.50246305418719
-481.55627,72.50739,-13.362332,7.7032685,-1.5226177,11.589924,-11.852831,-3.3639073,-3.5504832,-9.1594,-7.80659,-7.9185233,-0.1890852,angry,angry,angry,34.97536945812808,66.50246305418719
-559.37195,94.90007,0.75961673,3.2969477,1.5481814,9.183647,-12.436202,-9.089263,-1.9466761,-5.1540713,-19.133863,-10.804038,6.299587,neutral,happy,calm,34.97536945812808,66.50246305418719
-623.6222,65.23829,-24.142458,4.823649,-6.0046496,1.9624867,-25.430668,-5.052968,-8.725043,-20.203764,-4.1703353,-2.8240488,-6.2873507,fearful,calm,sad,34.97536945812808,66.50246305418719
-541.52496,51.898766,-6.312645,13.74925,-6.600837,1.0624719,-19.78773,-2.5725918,-9.744821,-18.822584,-11.536218,-5.2704005,-5.887229,sad,happy,sad,34.97536945812808,66.50246305418719
-645.2036,87.98659,-10.282559,11.194934,3.0283723,10.280941,-7.187541,-3.7805066,-12.336161,-5.576106,-12.375915,-7.9741797,3.7514904,calm,calm,sad,34.97536945812808,66.50246305418719
-578.56775,83.0926,-20.053326,17.20531,-1.1306813,10.706656,-8.866111,-6.864672,-9.123449,-2.6003802,-11.231281,-4.4686184,5.907446,fearful,sad,happy,34.97536945812808,66.50246305418719
-610.84296,94.28094,10.687766,22.982191,-4.700709,10.917835,-3.7863643,6.499245,-3.5227587,-0.15646797,-9.356579,-6.4748254,1.6383648,calm,calm,calm,34.97536945812808,66.50246305418719
-584.4466,83.4452,-10.893144,9.159491,1.7818315,10.0685625,-8.153397,-2.2692573,-7.455713,-8.180388,-12.84739,-7.6840577,0.764017,sad,sad,fearful,34.97536945812808,66.50246305418719
-637.55615,58.763424,-14.21923,6.167582,-3.1953292,5.419605,-21.201283,7.980988,-5.863217,-16.306343,-1.0291581,-0.48175097,-5.3567014,sad,calm,calm,34.97536945812808,66.50246305418719
-575.47864,84.44406,-7.986115,12.245757,5.962594,11.379044,-7.793259,-0.39493155,2.4876864,-4.7763753,-8.109486,0.85548633,1.6503123,sad,sad,fearful,34.97536945812808,66.50246305418719
-668.22363,62.96976,-28.053656,5.7660995,-16.487608,-8.567789,-21.09905,-3.9210658,-7.981154,-25.800589,-9.736722,-3.4576719,-11.792584,sad,calm,calm,34.97536945812808,66.50246305418719
-703.0841,116.075005,-0.13351661,24.424381,9.506001,13.528625,-4.5631394,-2.3588989,-5.0449433,-3.533353,-7.129774,-1.8985684,3.354817,sad,calm,calm,34.97536945812808,66.50246305418719
-623.8771,90.99602,-11.4704,15.08104,2.8161883,12.477466,-7.9095726,-3.8455899,-7.9096394,-4.422672,-12.306981,-7.9510207,4.849061,calm,calm,calm,34.97536945812808,66.50246305418719
-562.0431,80.79245,-5.269926,20.484211,-1.1820927,9.017091,-3.3904366,3.0858245,-1.9365593,-4.9544735,-5.8677406,-5.492608,0.25298968,fearful,fearful,fearful,34.97536945812808,66.50246305418719
-445.8624,79.5554,-21.308407,13.322602,-1.1070254,9.719331,-10.897067,-14.975331,-4.017424,-1.9813588,-21.393274,-6.5696597,5.8402615,angry,angry,angry,34.97536945812808,66.50246305418719
-551.15173,95.353966,-24.158535,5.4693136,2.020862,8.431524,-14.788749,2.213182,-6.91796,-9.225387,-12.405881,-0.023482956,4.244397,angry,happy,happy,34.97536945812808,66.50246305418719
-616.41833,105.88485,0.9572202,3.487805,5.2630444,14.809169,-13.297167,-10.875177,-7.662426,-5.982754,-5.9053717,-4.014667,-4.433144,sad,calm,sad,34.97536945812808,66.50246305418719
-527.0082,59.323845,-30.90625,2.8154974,-1.5830456,-6.275809,-17.991547,-0.034785092,-13.404784,-13.28008,-2.9223485,-4.301311,-9.401171,happy,happy,happy,34.97536945812808,66.50246305418719
-656.5358,106.03995,4.3387427,10.910785,-0.47073045,4.6042857,-9.414085,-15.634078,-10.719871,-6.344096,-3.746759,-5.991996,-7.0022545,calm,calm,calm,34.97536945812808,66.50246305418719
-616.2285,52.74962,-32.81158,9.445054,-13.29361,-3.942329,-24.238203,-3.0417962,-11.625697,-22.16298,-4.3334284,0.39786357,-13.5334425,neutral,calm,neutral,34.97536945812808,66.50246305418719
-684.26935,87.3056,0.92588013,22.608969,6.2941275,10.736559,-19.008802,-3.9902656,-8.758184,-6.709682,-2.8488033,-3.2561965,-4.6610246,calm,calm,calm,34.97536945812808,66.50246305418719
-614.797,62.104958,-24.144207,7.4915123,-2.6383493,-4.6341734,-17.584831,-1.5030855,-13.761769,-10.981112,-0.19554038,-7.0625057,-7.3837667,fearful,calm,fearful,34.97536945812808,66.50246305418719
-658.0837,83.91862,1.0406574,16.710533,4.119759,9.716658,-4.7770753,-3.6764255,-5.9133816,-2.3624184,-7.9600596,-2.3390236,5.6173553,fearful,calm,fearful,34.97536945812808,66.50246305418719
-571.04956,97.713486,-8.852031,10.112,6.3222213,13.183676,-4.857948,-9.809784,-5.1547427,-3.6608753,-17.692907,-9.340139,6.114523,sad,sad,sad,34.97536945812808,66.50246305418719
-607.758,63.52342,-43.151424,-1.1622236,-5.7723365,-4.671124,-26.914352,-7.6134987,-10.770911,-21.112814,-1.5047952,-0.9157896,-10.337014,sad,sad,sad,34.97536945812808,66.50246305418719
-414.56235,108.09154,-22.449366,23.383503,0.2972299,13.834319,-3.3124754,4.870837,-9.585397,-1.3885989,-3.6568565,-8.917897,3.1374066,fearful,angry,fearful,34.97536945812808,66.50246305418719
-604.617,80.420105,1.9827785,13.763742,4.1403327,9.737842,-6.680452,2.3314574,-5.0186,-2.6170845,-7.9437647,-3.8198705,1.9739219,neutral,calm,fearful,34.97536945812808,66.50246305418719
-581.27893,92.5554,-23.836626,11.27558,1.9370683,4.6914754,-7.289484,-6.1060786,-8.109239,-4.000871,-9.526797,-4.4941473,7.9972315,happy,sad,happy,34.97536945812808,66.50246305418719
-617.19214,96.51216,-6.815975,8.407083,4.9100976,26.724567,-7.800542,0.1665305,-2.0698385,-9.040527,-4.7520657,-6.184365,4.8745875,neutral,calm,calm,34.97536945812808,66.50246305418719
-678.9007,88.44303,-6.1599813,14.208094,8.090526,16.243473,-3.6299686,-3.405319,-8.825609,-6.7161217,-5.516364,-4.5705366,-4.1114826,sad,calm,sad,34.97536945812808,66.50246305418719
-715.5479,58.895714,-11.455556,9.73521,-9.778164,3.5661159,-22.445505,2.9391217,-13.291279,-12.768787,0.2734358,-10.721895,-5.393006,calm,calm,calm,34.97536945812808,66.50246305418719
-535.65704,92.44268,-26.790718,6.499904,-0.059671752,7.3952866,-13.281113,-2.0353086,-6.9874973,-5.497231,-12.984161,-4.727158,7.3575034,angry,happy,happy,34.97536945812808,66.50246305418719
-585.73987,60.46389,-21.192673,10.008312,-25.120375,-9.296188,-17.837185,-3.9696646,-5.3662333,-12.244162,-18.317646,-4.6607695,-4.031958,calm,sad,sad,34.97536945812808,66.50246305418719
-543.20435,55.557167,-4.3322983,11.238626,-1.4743336,-0.62483907,-16.57037,-8.642207,-12.26985,-16.102467,-8.8972845,-6.834177,-8.568673,sad,happy,fearful,34.97536945812808,66.50246305418719
-408.71295,70.966385,-37.44189,-2.356609,3.1692486,1.0382483,-30.043169,-9.759783,-8.937401,-20.730661,-11.902919,-1.5109636,-9.485486,happy,angry,happy,34.97536945812808,66.50246305418719
-649.52563,51.689022,-7.8654413,7.9654155,-4.659044,1.458953,-19.09808,-5.212391,-12.834482,-6.254173,-7.563717,-2.254234,-11.869209,neutral,calm,neutral,34.97536945812808,66.50246305418719
-416.14197,83.01577,-20.541162,-0.5211277,3.609218,11.595386,-12.839792,-6.2104325,-0.82753885,-4.917438,-9.646947,-9.653037,1.9665282,angry,angry,angry,34.97536945812808,66.50246305418719
-627.6746,55.860374,-26.263073,6.1597733,-12.567522,-4.438489,-23.025911,-1.0568144,-15.838572,-15.627828,-5.633203,-10.705402,-9.1451435,sad,calm,sad,34.97536945812808,66.50246305418719
-608.86487,95.91472,2.3467853,19.695686,-4.0149684,11.683277,-4.9489446,1.001848,-4.0139356,-4.129995,-8.338172,-5.086038,2.1361184,happy,calm,calm,34.97536945812808,66.50246305418719
-511.74777,82.79253,-22.815208,14.428362,2.1677854,7.5786333,-10.159738,-2.6871972,-8.93654,-6.23052,-3.5018988,-0.13021483,1.9870627,happy,happy,angry,34.97536945812808,66.50246305418719
-655.222,99.209404,2.1418395,20.397608,3.2212093,13.522809,-10.827608,-0.97873396,-4.803333,-0.6481459,-4.8465695,-2.3275673,4.8580623,fearful,calm,calm,34.97536945812808,66.50246305418719
-580.87854,64.00698,-35.311066,-1.1615585,-5.845821,-10.461947,-17.035208,-2.2308395,-12.139051,-15.584476,-4.6829076,-7.710273,-11.014222,happy,sad,fearful,34.97536945812808,66.50246305418719
-474.15723,40.49439,-18.602753,7.509371,-2.0732343,-1.9976565,-20.63983,5.290988,-1.7745926,-13.644326,-5.4625883,-2.4415743,-5.7220616,angry,angry,angry,34.97536945812808,66.50246305418719
-463.88394,80.2485,-18.539326,8.366501,-1.8702189,13.662288,-6.6744423,-5.49256,-10.433352,-9.824045,-13.466706,-8.510146,2.118258,fearful,angry,fearful,34.97536945812808,66.50246305418719
-538.4875,92.15873,-13.257085,20.077745,7.469904,13.268503,-12.17554,-2.7606661,-4.293449,-6.924787,-7.1048,0.20379746,-1.08142,fearful,happy,sad,34.97536945812808,66.50246305418719
-463.95135,55.988342,-39.975666,-0.92927176,-5.0642185,-9.048123,-22.71951,3.6498353,-9.478547,-17.650011,-4.001096,-5.5429077,-10.404762,angry,angry,angry,34.97536945812808,66.50246305418719
-479.59113,47.48809,-26.73481,3.7218254,-17.340721,0.50373256,-20.916609,-6.806279,-7.7822065,-12.601025,-17.973795,-3.727669,-5.0759573,happy,angry,happy,34.97536945812808,66.50246305418719
-534.7149,58.416348,-40.864677,-3.028559,-2.4165576,-5.6967173,-23.1098,-0.906363,-8.828792,-16.655697,-5.215407,-3.6982694,-13.866021,happy,happy,happy,34.97536945812808,66.50246305418719
-673.6928,108.280136,11.780418,10.542763,8.217786,12.728049,-9.384724,-10.078469,-9.086125,-7.917986,-5.9357285,-4.470965,-5.9159923,sad,calm,sad,34.97536945812808,66.50246305418719
-597.4479,57.75988,-9.29767,5.9327374,-5.2650657,5.7875714,-22.038738,-6.5701637,-18.431122,-14.454202,-10.80378,0.010943604,-9.737651,sad,sad,fearful,34.97536945812808,66.50246305418719
-634.1923,61.869267,-25.00982,6.5095644,-17.04449,-8.223077,-24.30262,-9.265341,-4.7604904,-25.531763,-20.71671,-4.327782,-10.881385,sad,calm,sad,34.97536945812808,66.50246305418719
-506.39368,80.228424,-22.67123,7.019443,0.6735827,15.524681,-22.3116,-8.40572,-4.465964,-7.6413155,-7.4310455,-3.279502,-5.3736873,fearful,happy,fearful,34.97536945812808,66.50246305418719
-476.363,51.26434,-18.850546,2.473585,-3.067324,3.781824,-17.138237,-0.110278875,-18.72952,-18.358364,-8.064048,-2.0202377,-6.032507,angry,angry,angry,34.97536945812808,66.50246305418719
-443.1497,61.83617,-49.99746,-0.21773852,-3.6303723,-7.213832,-25.140781,-1.7351886,-10.723615,-15.86196,0.6712114,2.0998,-3.787016,angry,angry,angry,34.97536945812808,66.50246305418719
-494.2003,42.964584,-24.62958,4.8112617,-9.912046,-2.0651364,-17.93127,0.937161,-12.777592,-15.172332,-4.899461,-4.0060353,-10.516599,fearful,angry,fearful,34.97536945812808,66.50246305418719
-459.29318,91.25065,-26.677694,16.494768,0.097070485,2.4019537,-12.410131,-6.3872037,-14.181166,-12.359076,-5.770917,-8.378578,-5.013969,angry,angry,angry,34.97536945812808,66.50246305418719
-550.21106,47.26779,-27.47713,3.6209896,-4.7971916,-6.3054175,-16.989159,2.6124063,-13.543472,-10.420514,-5.2381973,-6.6976337,-6.6285405,angry,happy,angry,34.97536945812808,66.50246305418719
-527.2358,81.07307,-10.232539,5.100929,2.008079,12.20833,-13.53902,1.586979,-4.144287,-7.076683,-5.2710238,-7.6526785,-1.8042084,angry,happy,angry,34.97536945812808,66.50246305418719
-512.9909,104.45123,-20.214685,10.282167,2.9588988,2.890748,-9.487435,-10.673966,-13.357176,-7.59283,-12.190144,-15.441294,2.3825755,sad,happy,sad,34.97536945812808,66.50246305418719
-587.51447,61.57336,-14.907554,1.8003563,4.162152,3.9014502,-17.918684,9.617733,-7.359554,-11.393455,-2.0690098,-5.37147,-5.7581606,fearful,sad,happy,34.97536945812808,66.50246305418719
-622.9883,102.28947,10.565871,22.4183,-2.89805,12.832268,-7.6952095,4.90147,-2.272774,0.084828034,-6.8439436,-8.543801,2.4530387,calm,calm,sad,34.97536945812808,66.50246305418719
-642.9088,97.3976,6.2655125,24.297947,6.724769,14.530279,0.2146213,6.09543,-1.9663321,-8.505114,-6.7604737,-0.25149208,2.7830937,calm,calm,calm,34.97536945812808,66.50246305418719
-581.83813,66.75364,-22.20431,7.7102823,-22.255346,-8.884213,-20.74198,-3.684482,-6.526966,-13.879202,-18.790655,-5.250021,-4.392685,calm,sad,sad,34.97536945812808,66.50246305418719
-636.22015,99.58869,1.7622507,19.680775,9.449632,7.2984033,-2.789158,4.0688725,2.8542688,-1.4182181,-4.0254664,1.8038913,1.8500975,calm,calm,calm,34.97536945812808,66.50246305418719
-586.0557,99.782715,-10.926531,6.6770535,2.4390833,12.988794,-4.647325,-14.20593,-5.8042808,-2.5241628,-20.417482,-12.347781,5.967311,sad,sad,sad,34.97536945812808,66.50246305418719
-680.611,96.53689,-2.3149672,20.42827,9.974068,11.583746,-12.248355,2.06429,-4.336162,-5.219473,-4.702369,0.22421147,-0.1460873,neutral,calm,calm,34.97536945812808,66.50246305418719
-638.41296,56.46262,-33.30118,8.483485,-19.414232,-7.6154532,-27.688457,-5.533429,-12.045852,-22.57954,-6.992487,-3.4071937,-15.872647,calm,calm,calm,34.97536945812808,66.50246305418719
-522.368,62.117867,-52.823017,-7.829775,-0.8830145,-5.5018406,-29.378738,-4.032213,-9.977897,-16.731346,3.461186,0.9285198,-10.468788,happy,happy,happy,34.97536945812808,66.50246305418719
-574.3818,67.30997,-30.840872,-0.16236983,-4.9348145,-10.494023,-16.890097,3.5581918,-12.582788,-16.040695,-3.3317473,-5.0239816,-7.471107,neutral,happy,angry,34.97536945812808,66.50246305418719
-642.7009,56.524918,-15.893573,8.332531,-6.195147,4.1998687,-20.854214,9.3551655,-5.483277,-17.31977,1.4515398,-0.77649415,-5.798472,calm,calm,calm,34.97536945812808,66.50246305418719
-626.098,70.09816,-21.048397,4.8910837,-10.956335,-13.373156,-17.513845,4.0913363,-10.86425,-15.825655,-1.9595548,-5.6436267,-7.196452,calm,calm,calm,34.97536945812808,66.50246305418719
-642.79974,94.51279,-5.3094053,4.1265745,9.489322,17.96197,-5.145655,-8.294595,-7.788174,-8.856208,-4.1825085,-3.7447188,-3.2481456,sad,calm,sad,34.97536945812808,66.50246305418719
-554.309,106.28705,-4.7772727,3.882297,2.428549,10.209872,-16.742924,-8.202172,-1.5632875,-6.9942503,-20.351086,-11.243452,11.565264,calm,happy,calm,34.97536945812808,66.50246305418719
-550.8383,57.26813,-31.163097,-4.508957,-17.163282,-8.737139,-22.161184,-11.508199,-8.989688,-16.061188,-8.51652,-2.2717736,-11.349017,happy,happy,happy,34.97536945812808,66.50246305418719
-652.8756,79.49015,-28.908974,4.9890494,-8.1921,-7.325589,-24.770788,-1.384364,-11.185118,-17.7276,-1.4220979,-1.488473,-7.2460556,calm,calm,calm,34.97536945812808,66.50246305418719
-512.88385,77.580894,-11.976946,11.752495,4.806401,12.800736,-15.128106,-1.186583,3.28263,-6.103543,-5.434426,1.6576632,-1.7889087,angry,happy,angry,34.97536945812808,66.50246305418719
-550.94244,59.39226,-25.672401,5.5125566,-14.894614,-3.8267875,-19.273947,-8.800426,-6.17596,-16.030125,-17.620377,-5.8630314,-1.8193699,fearful,happy,fearful,34.97536945812808,66.50246305418719
-420.40964,63.352203,-27.951466,1.241122,-15.588524,-2.0697386,-18.144688,-4.663463,-7.955086,-16.342976,-3.3968756,-3.5331998,-13.27481,fearful,angry,angry,34.97536945812808,66.50246305418719
-609.64923,68.178314,-45.01258,-5.7309723,2.3078008,-5.2173257,-26.532537,-0.98536813,-9.143282,-19.36064,-1.3418969,4.7946324,-10.814607,happy,calm,happy,34.97536945812808,66.50246305418719
-626.0174,59.756626,-21.776052,8.511139,-6.809544,3.414041,-22.79309,-2.6323676,-19.22881,-8.7143755,-1.2323036,-6.7405696,-7.4742546,fearful,calm,calm,34.97536945812808,66.50246305418719
-547.25885,46.85949,-22.598276,11.557619,-21.20996,-1.0007948,-22.717817,-2.8477027,-9.923628,-16.98235,-16.849777,-1.7144939,-5.2308955,neutral,happy,sad,34.97536945812808,66.50246305418719
-558.84033,55.060078,-8.938905,4.8275943,-1.8939505,3.2454507,-19.074034,-5.7917066,-10.412917,-16.17494,-5.6290536,-7.5160747,-8.519947,fearful,happy,fearful,34.97536945812808,66.50246305418719
-522.11224,54.87613,-27.202456,4.088363,-5.8941174,-2.4141872,-16.989492,-2.4413273,-7.1871533,-14.918331,-3.7647064,-4.0528846,-4.2153845,sad,happy,angry,34.97536945812808,66.50246305418719
-585.4909,52.69834,-12.858547,6.2803416,-4.7965875,2.4762695,-23.044239,-6.010032,-14.192155,-12.701756,-6.530714,-0.80138713,-10.720491,happy,sad,calm,34.97536945812808,66.50246305418719
-564.8106,49.611744,-26.098267,1.3452973,-0.43740475,1.8002582,-22.009758,-0.5069053,-4.338506,-14.569734,-1.6748849,-4.069047,-7.0082483,happy,happy,happy,34.97536945812808,66.50246305418719
-611.0826,61.04703,-17.48083,4.5911927,-11.608254,-9.143483,-18.093157,4.2480016,-11.37352,-15.876734,-8.068881,-5.356034,-9.841387,sad,calm,sad,34.97536945812808,66.50246305418719
-601.0603,97.88506,-7.912201,16.709486,7.8247914,10.837642,-8.442586,1.3243358,-1.3104291,-5.307903,-6.4681044,2.2667549,-1.8731139,neutral,calm,neutral,34.97536945812808,66.50246305418719
-504.81152,81.772514,-16.6784,8.728525,-0.29255542,9.954317,-9.319769,-12.025925,-2.5576627,-2.2473795,-19.792133,-8.716546,5.6877584,fearful,happy,fearful,34.97536945812808,66.50246305418719
-558.12805,86.14908,0.9684088,18.15025,-2.1647713,7.7376833,-5.996967,3.489153,-4.63484,-5.0061293,-6.8721685,-5.516395,0.029302457,happy,happy,fearful,34.97536945812808,66.50246305418719
-658.2697,63.935696,-21.61898,6.0274005,-10.184645,-4.271854,-19.031181,0.49238735,-12.138293,-15.051905,-3.4066021,-7.2504745,-3.8494792,sad,calm,sad,34.97536945812808,66.50246305418719
-378.5071,56.003017,-37.586838,-6.78919,-13.322708,-7.720442,-24.178276,-7.3747478,-10.529607,-12.393085,-4.176548,-3.936199,-8.7130165,angry,angry,angry,34.97536945812808,66.50246305418719
-404.6207,102.87748,-19.77811,19.27858,-4.108598,15.305951,-2.9389567,3.2970343,-12.34066,-6.4278073,-2.4812887,-8.572487,1.1813838,fearful,angry,fearful,34.97536945812808,66.50246305418719
-530.8577,79.95246,-5.8788824,18.93607,-4.16781,7.7567477,-6.8946857,2.2523391,-1.9454081,-4.88988,-6.6475205,-4.3710227,2.048625,fearful,happy,fearful,34.97536945812808,66.50246305418719
-641.0744,105.84229,9.249031,5.3010573,5.246873,9.3218155,-13.070729,-9.25142,-9.784999,-10.44618,-5.0819945,-2.2391098,-6.497365,sad,calm,calm,34.97536945812808,66.50246305418719
-617.64,56.780853,-17.938065,9.126595,-6.0360384,4.214769,-19.77116,9.839929,-5.4449296,-14.825793,2.6081767,-3.748948,-6.0347695,calm,calm,calm,34.97536945812808,66.50246305418719
-516.2902,90.67419,-19.226063,8.09045,3.9442074,10.621678,-8.234934,-10.837459,-1.7690448,-2.7468324,-18.140364,-7.7438765,8.658066,fearful,happy,fearful,34.97536945812808,66.50246305418719
-592.81647,99.78511,-2.3071325,4.533663,6.8828015,18.526411,-7.001905,1.0951384,-7.159293,-7.539063,-4.112908,-9.74931,-1.9884988,sad,sad,sad,34.97536945812808,66.50246305418719
-528.60547,86.111,-11.482362,8.218785,-2.8703604,7.1059113,-4.7082596,-5.5100837,-15.236732,-5.450873,-2.7699497,-7.870512,-6.2828135,fearful,happy,fearful,34.97536945812808,66.50246305418719
-682.8792,54.576553,-20.688936,9.553181,-15.880805,-4.3232565,-24.865559,-9.231379,-9.433691,-18.692179,-6.3755646,-4.146676,-11.547371,fearful,calm,sad,34.97536945812808,66.50246305418719
-657.9106,99.62836,-0.1482455,8.279098,0.08776625,8.165014,-7.4774947,-3.5822098,-8.095212,-13.094574,-6.9378195,-2.3147151,-5.6750593,neutral,calm,neutral,34.97536945812808,66.50246305418719
-660.274,107.481476,-5.0316834,16.182724,10.309792,10.50396,-17.973751,-0.26049098,-0.43306142,-1.885128,-9.235669,2.3496773,2.351632,neutral,calm,sad,34.97536945812808,66.50246305418719
-491.40778,53.550083,-18.45842,13.94903,-14.972725,-2.478487,-14.316654,-1.6423861,-10.187863,-7.901928,-6.220136,-2.3776128,-6.653097,fearful,angry,angry,34.97536945812808,66.50246305418719
-625.10626,86.0088,-14.908679,11.612943,0.9515411,9.499438,-8.360124,-3.4052272,-9.218716,-6.5602646,-14.724629,-9.263976,3.1996481,neutral,calm,neutral,34.97536945812808,66.50246305418719
-398.7182,47.36042,-32.422226,0.5475512,-12.824504,-7.491085,-19.595715,-2.2181168,-8.012889,-10.286531,-4.209492,-2.98726,-7.4615912,angry,angry,angry,34.97536945812808,66.50246305418719
-468.73505,49.118015,-17.42369,5.739132,-0.9241761,0.018074848,-18.982157,-6.6872993,-11.294933,-16.537506,-8.0524645,-7.0628057,-6.10106,sad,angry,fearful,34.97536945812808,66.50246305418719
-579.26184,61.24507,-25.633013,4.980743,-7.86051,-2.1388311,-19.234947,-0.067283265,-13.80903,-17.142237,-8.434872,-8.630843,-9.653997,fearful,sad,sad,34.97536945812808,66.50246305418719
-567.1629,60.289024,-36.31542,-3.9262605,-5.097177,-3.3338604,-23.230627,-8.063844,-6.184514,-19.656958,-4.811633,2.7177002,-6.327338,sad,happy,happy,34.97536945812808,66.50246305418719
-643.5368,64.355064,-23.603394,1.0707779,-18.12379,-9.741141,-18.009846,-9.271963,-11.262803,-13.832927,-10.413276,-6.4531074,-7.5968027,neutral,calm,calm,34.97536945812808,66.50246305418719
-628.12006,87.94681,-2.056868,22.709112,-2.1241307,12.083215,-0.39382288,0.61714345,-6.97631,-3.9503984,-9.632997,-4.1848273,6.1127987,calm,calm,calm,34.97536945812808,66.50246305418719
-641.74634,89.61591,-4.880884,5.35508,10.471404,15.6470585,-5.722579,-8.00125,-8.753675,-6.7902184,-4.0061007,-7.571587,-4.0532026,sad,calm,sad,34.97536945812808,66.50246305418719
-597.46027,64.80426,-16.719906,3.1633608,-17.488516,-14.701615,-20.021141,3.6061869,-14.270344,-15.450556,-5.931977,-7.8230247,-11.336492,calm,sad,sad,34.97536945812808,66.50246305418719
-470.30823,57.728134,-48.3596,-3.1710699,-13.859748,-3.909181,-27.118128,-7.803583,-7.8354187,-13.965511,-7.9311585,2.9931912,-5.838673,fearful,angry,fearful,34.97536945812808,66.50246305418719
-616.8701,72.177635,-22.80273,4.4091935,-10.212042,-13.880141,-16.938179,3.6066046,-13.506048,-15.5891695,-2.843694,-5.7658815,-8.137136,calm,calm,calm,34.97536945812808,66.50246305418719
-464.27896,83.79523,-14.512693,8.684564,0.857385,9.471327,-6.68258,-1.1248572,-2.8811615,-8.341448,-8.64786,-3.8557708,5.702955,happy,angry,happy,34.97536945812808,66.50246305418719
-517.9226,85.49865,-21.076265,13.9908085,-0.67979604,9.206951,-10.653673,-8.23795,-9.179666,-5.4194727,-15.007293,-9.610194,4.0704045,happy,happy,happy,34.97536945812808,66.50246305418719
-591.3247,68.95426,-36.236507,3.8631563,-7.798855,-10.060621,-18.766546,-2.939473,-16.888294,-17.152973,-2.3669326,-8.232609,-7.529127,calm,sad,calm,34.97536945812808,66.50246305418719
-593.448,56.584583,-19.66884,1.0725398,2.2781336,2.4133925,-19.281189,2.17684,-4.5342402,-8.234348,0.272657,-6.211243,-4.2691674,happy,sad,happy,34.97536945812808,66.50246305418719
-485.9335,55.357624,-20.270195,2.9784646,-2.4151273,-0.76616126,-22.258886,-0.3815587,-17.263374,-17.877506,-3.7122576,-5.746783,-7.105966,angry,angry,angry,34.97536945812808,66.50246305418719
-571.9732,89.06659,-6.934326,16.313833,6.958763,12.4615345,-14.783644,-3.9336762,-2.4054923,-8.827236,-3.789343,0.83460474,-2.1448069,angry,sad,fearful,34.97536945812808,66.50246305418719
